mes,coluna,codigo_produto,op,qtd_planilha,data_planilha,ct_totvs,nome_ct,data_apont_totvs,qtd_apont_totvs,apontado_ct70
Jan,DJ,50233616,24184601001,12000,2026-01-13,CT-23,CORTE/APLICAÇÃO AUTOMATICA,2025-12-17,1800,Não
Jan,DJ,50233616,24184601001,12000,2026-01-13,CT-08,MONTAGEM NOVOS NEGOCIOS,2026-01-12,1300,Não
Jan,DJ,50233616,24184601001,12000,2026-01-13,CT-08,MONTAGEM NOVOS NEGOCIOS,2026-01-12,1300,Não
Jan,DJ,50233616,24184601001,12000,2026-01-13,CT-08,MONTAGEM NOVOS NEGOCIOS,2026-01-12,800,Não
Jan,DJ,50233616,24184601001,12000,2026-01-13,CT-08,MONTAGEM NOVOS NEGOCIOS,2026-01-12,100,Não
Jan,DJ,50233616,24184601001,12000,2026-01-13,CT-08,MONTAGEM NOVOS NEGOCIOS,2026-01-12,100,Não
Jan,DJ,50233616,24184601001,12000,2026-01-13,CT-15,MONTAGEM UCW,2026-01-12,1600,Não
Jan,DJ,50233616,24184601001,12000,2026-01-13,CT-23,CORTE/APLICAÇÃO AUTOMATICA,2026-01-12,6000,Não
Jan,DJ,50233616,24184601001,12000,2026-01-13,CT-23,CORTE/APLICAÇÃO AUTOMATICA,2026-01-12,4200,Não
Jan,DJ,50233616,24184601001,12000,2026-01-13,CT-08,MONTAGEM NOVOS NEGOCIOS,2026-01-13,1000,Não
Jan,DJ,50233616,24184601001,12000,2026-01-13,CT-08,MONTAGEM NOVOS NEGOCIOS,2026-01-13,3700,Não
Jan,DJ,50233616,24184601001,12000,2026-01-13,CT-08,MONTAGEM NOVOS NEGOCIOS,2026-01-13,2100,Não
Jan,EL,50233615,24184701001,12000,2026-01-14,CT-23,CORTE/APLICAÇÃO AUTOMATICA,2026-01-12,12000,Não
Jan,EL,50233615,24184701001,12000,2026-01-14,CT-08,MONTAGEM NOVOS NEGOCIOS,2026-01-13,2200,Não
Jan,EL,50233615,24184701001,12000,2026-01-14,CT-08,MONTAGEM NOVOS NEGOCIOS,2026-01-13,2700,Não
Jan,EL,50233615,24184701001,12000,2026-01-14,CT-08,MONTAGEM NOVOS NEGOCIOS,2026-01-13,2400,Não
Jan,EL,50233615,24184701001,12000,2026-01-14,CT-08,MONTAGEM NOVOS NEGOCIOS,2026-01-13,100,Não
Jan,EL,50233615,24184701001,12000,2026-01-14,CT-61,MONTAGEM DE CHICOTES DIVERSOS,2026-01-14,200,Não
Jan,EL,50233615,24184701001,12000,2026-01-14,CT-61,MONTAGEM DE CHICOTES DIVERSOS,2026-01-14,2100,Não
Jan,EL,50233615,24184701001,12000,2026-01-14,CT-61,MONTAGEM DE CHICOTES DIVERSOS,2026-01-14,1200,Não
Jan,EL,50233615,24184701001,12000,2026-01-14,CT-61,MONTAGEM DE CHICOTES DIVERSOS,2026-01-14,1100,Não
Jan,JV,50233616,24184801001,12000,2026-01-21,CT-23,CORTE/APLICAÇÃO AUTOMATICA,2026-01-12,1400,Não
Jan,JV,50233616,24184801001,12000,2026-01-21,CT-23,CORTE/APLICAÇÃO AUTOMATICA,2026-01-13,1400,Não
Jan,JV,50233616,24184801001,12000,2026-01-21,CT-08,MONTAGEM NOVOS NEGOCIOS,2026-01-14,1500,Não
Jan,JV,50233616,24184801001,12000,2026-01-21,CT-08,MONTAGEM NOVOS NEGOCIOS,2026-01-14,1300,Não
Jan,JV,50233616,24184801001,12000,2026-01-21,CT-08,MONTAGEM NOVOS NEGOCIOS,2026-01-20,1700,Não
Jan,JV,50233616,24184801001,12000,2026-01-21,CT-08,MONTAGEM NOVOS NEGOCIOS,2026-01-20,2200,Não
Jan,JV,50233616,24184801001,12000,2026-01-21,CT-23,CORTE/APLICAÇÃO AUTOMATICA,2026-01-20,7200,Não
Jan,JV,50233616,24184801001,12000,2026-01-21,CT-23,CORTE/APLICAÇÃO AUTOMATICA,2026-01-20,2000,Não
Jan,JV,50233616,24184801001,12000,2026-01-21,CT-63,MONTAR CABOS ESPECIAIS,2026-01-20,100,Não
Jan,JV,50233616,24184801001,12000,2026-01-21,CT-63,MONTAR CABOS ESPECIAIS,2026-01-20,900,Não
Jan,JV,50233616,24184801001,12000,2026-01-21,CT-63,MONTAR CABOS ESPECIAIS,2026-01-20,200,Não
Jan,JV,50233616,24184801001,12000,2026-01-21,CT-63,MONTAR CABOS ESPECIAIS,2026-01-20,500,Não
Jan,JV,50233616,24184801001,12000,2026-01-21,CT-63,MONTAR CABOS ESPECIAIS,2026-01-20,2000,Não
Jan,JV,50233616,24184801001,12000,2026-01-21,CT-63,MONTAR CABOS ESPECIAIS,2026-01-20,1200,Não
Jan,JV,50233616,24184801001,12000,2026-01-21,CT-63,MONTAR CABOS ESPECIAIS,2026-01-20,400,Não
Jan,KE,50233616,24185001001,12000,2026-01-21,CT-08,MONTAGEM NOVOS NEGOCIOS,2026-01-20,100,Não
Jan,KE,50233616,24185001001,12000,2026-01-21,CT-08,MONTAGEM NOVOS NEGOCIOS,2026-01-20,100,Não
Jan,KE,50233616,24185001001,12000,2026-01-21,CT-08,MONTAGEM NOVOS NEGOCIOS,2026-01-20,400,Não
Jan,KE,50233616,24185001001,12000,2026-01-21,CT-08,MONTAGEM NOVOS NEGOCIOS,2026-01-20,3200,Não
Jan,KE,50233616,24185001001,12000,2026-01-21,CT-08,MONTAGEM NOVOS NEGOCIOS,2026-01-20,2600,Não
Jan,KE,50233616,24185001001,12000,2026-01-21,CT-08,MONTAGEM NOVOS NEGOCIOS,2026-01-20,1200,Não
Jan,KE,50233616,24185001001,12000,2026-01-21,CT-08,MONTAGEM NOVOS NEGOCIOS,2026-01-20,700,Não
Jan,KE,50233616,24185001001,12000,2026-01-21,CT-23,CORTE/APLICAÇÃO AUTOMATICA,2026-01-20,4000,Não
Jan,KE,50233616,24185001001,12000,2026-01-21,CT-23,CORTE/APLICAÇÃO AUTOMATICA,2026-01-20,8000,Não
Jan,KE,50233616,24185001001,12000,2026-01-21,CT-63,MONTAR CABOS ESPECIAIS,2026-01-20,400,Não
Jan,KE,50233616,24185001001,12000,2026-01-21,CT-63,MONTAR CABOS ESPECIAIS,2026-01-20,200,Não
Jan,KE,50233616,24185001001,12000,2026-01-21,CT-63,MONTAR CABOS ESPECIAIS,2026-01-21,1400,Não
Jan,KE,50233616,24185001001,12000,2026-01-21,CT-63,MONTAR CABOS ESPECIAIS,2026-01-21,100,Não
Jan,KE,50233616,24185001001,12000,2026-01-21,CT-63,MONTAR CABOS ESPECIAIS,2026-01-21,300,Não
Jan,KE,50233616,24185001001,12000,2026-01-21,CT-63,MONTAR CABOS ESPECIAIS,2026-01-21,1000,Não
Jan,KE,50233616,24185001001,12000,2026-01-21,CT-63,MONTAR CABOS ESPECIAIS,2026-01-21,300,Não
Jan,LW,50233615,24184901001,12000,2026-01-23,CT-23,CORTE/APLICAÇÃO AUTOMATICA,2026-01-20,8300,Não
Jan,LW,50233615,24184901001,12000,2026-01-23,CT-08,MONTAGEM NOVOS NEGOCIOS,2026-01-21,4300,Não
Jan,LW,50233615,24184901001,12000,2026-01-23,CT-08,MONTAGEM NOVOS NEGOCIOS,2026-01-21,700,Não
Jan,LW,50233615,24184901001,12000,2026-01-23,CT-08,MONTAGEM NOVOS NEGOCIOS,2026-01-21,1800,Não
Jan,LW,50233615,24184901001,12000,2026-01-23,CT-08,MONTAGEM NOVOS NEGOCIOS,2026-01-21,2000,Não
Jan,LW,50233615,24184901001,12000,2026-01-23,CT-23,CORTE/APLICAÇÃO AUTOMATICA,2026-01-21,500,Não
Jan,LW,50233615,24184901001,12000,2026-01-23,CT-08,MONTAGEM NOVOS NEGOCIOS,2026-01-22,2500,Não
Jan,LW,50233615,24184901001,12000,2026-01-23,CT-08,MONTAGEM NOVOS NEGOCIOS,2026-01-22,700,Não
Jan,LW,50233615,24184901001,12000,2026-01-23,CT-23,CORTE/APLICAÇÃO AUTOMATICA,2026-01-22,2500,Não
Jan,LW,50233615,24184901001,12000,2026-01-23,CT-23,CORTE/APLICAÇÃO AUTOMATICA,2026-01-22,700,Não
Jan,LX,550232465,24250301001,36000,2026-01-23,CT-08,MONTAGEM NOVOS NEGOCIOS,2026-01-21,400,Não
Jan,LX,550232465,24250301001,36000,2026-01-23,CT-08,MONTAGEM NOVOS NEGOCIOS,2026-01-21,100,Não
Jan,LX,550232465,24250301001,36000,2026-01-23,CT-08,MONTAGEM NOVOS NEGOCIOS,2026-01-21,500,Não
Jan,LX,550232465,24250301001,36000,2026-01-23,CT-08,MONTAGEM NOVOS NEGOCIOS,2026-01-21,300,Não
Jan,LX,550232465,24250301001,36000,2026-01-23,CT-08,MONTAGEM NOVOS NEGOCIOS,2026-01-21,1300,Não
Jan,LX,550232465,24250301001,36000,2026-01-23,CT-08,MONTAGEM NOVOS NEGOCIOS,2026-01-21,2100,Não
Jan,LX,550232465,24250301001,36000,2026-01-23,CT-08,MONTAGEM NOVOS NEGOCIOS,2026-01-21,1200,Não
Jan,LX,550232465,24250301001,36000,2026-01-23,CT-08,MONTAGEM NOVOS NEGOCIOS,2026-01-21,1600,Não
Jan,LX,550232465,24250301001,36000,2026-01-23,CT-08,MONTAGEM NOVOS NEGOCIOS,2026-01-21,1300,Não
Jan,LX,550232465,24250301001,36000,2026-01-23,CT-08,MONTAGEM NOVOS NEGOCIOS,2026-01-21,1500,Não
Jan,LX,550232465,24250301001,36000,2026-01-23,CT-08,MONTAGEM NOVOS NEGOCIOS,2026-01-21,1400,Não
Jan,LX,550232465,24250301001,36000,2026-01-23,CT-08,MONTAGEM NOVOS NEGOCIOS,2026-01-21,2000,Não
Jan,LX,550232465,24250301001,36000,2026-01-23,CT-08,MONTAGEM NOVOS NEGOCIOS,2026-01-21,1800,Não
Jan,LX,550232465,24250301001,36000,2026-01-23,CT-08,MONTAGEM NOVOS NEGOCIOS,2026-01-21,1400,Não
Jan,LX,550232465,24250301001,36000,2026-01-23,CT-08,MONTAGEM NOVOS NEGOCIOS,2026-01-21,100,Não
Jan,LX,550232465,24250301001,36000,2026-01-23,CT-08,MONTAGEM NOVOS NEGOCIOS,2026-01-21,100,Não
Jan,LX,550232465,24250301001,36000,2026-01-23,CT-08,MONTAGEM NOVOS NEGOCIOS,2026-01-21,100,Não
Jan,LX,550232465,24250301001,36000,2026-01-23,CT-08,MONTAGEM NOVOS NEGOCIOS,2026-01-21,300,Não
Jan,LX,550232465,24250301001,36000,2026-01-23,CT-23,CORTE/APLICAÇÃO AUTOMATICA,2026-01-21,1500,Não
Jan,LX,550232465,24250301001,36000,2026-01-23,CT-23,CORTE/APLICAÇÃO AUTOMATICA,2026-01-21,3000,Não
Jan,LX,550232465,24250301001,36000,2026-01-23,CT-23,CORTE/APLICAÇÃO AUTOMATICA,2026-01-21,11800,Não
Jan,LX,550232465,24250301001,36000,2026-01-23,CT-23,CORTE/APLICAÇÃO AUTOMATICA,2026-01-21,8200,Não
Jan,LX,550232465,24250301001,36000,2026-01-23,CT-23,CORTE/APLICAÇÃO AUTOMATICA,2026-01-21,10200,Não
Jan,LX,550232465,24250301001,36000,2026-01-23,CT-63,MONTAR CABOS ESPECIAIS,2026-01-21,1000,Não
Jan,LX,550232465,24250301001,36000,2026-01-23,CT-63,MONTAR CABOS ESPECIAIS,2026-01-21,1800,Não
Jan,LX,550232465,24250301001,36000,2026-01-23,CT-08,MONTAGEM NOVOS NEGOCIOS,2026-01-22,1200,Não
Jan,LX,550232465,24250301001,36000,2026-01-23,CT-08,MONTAGEM NOVOS NEGOCIOS,2026-01-22,1500,Não
Jan,LX,550232465,24250301001,36000,2026-01-23,CT-08,MONTAGEM NOVOS NEGOCIOS,2026-01-22,200,Não
Jan,LX,550232465,24250301001,36000,2026-01-23,CT-08,MONTAGEM NOVOS NEGOCIOS,2026-01-22,1400,Não
Jan,LX,550232465,24250301001,36000,2026-01-23,CT-08,MONTAGEM NOVOS NEGOCIOS,2026-01-22,1400,Não
Jan,LX,550232465,24250301001,36000,2026-01-23,CT-08,MONTAGEM NOVOS NEGOCIOS,2026-01-22,1500,Não
Jan,LX,550232465,24250301001,36000,2026-01-23,CT-08,MONTAGEM NOVOS NEGOCIOS,2026-01-22,300,Não
Jan,LX,550232465,24250301001,36000,2026-01-23,CT-08,MONTAGEM NOVOS NEGOCIOS,2026-01-22,1000,Não
Jan,LX,550232465,24250301001,36000,2026-01-23,CT-08,MONTAGEM NOVOS NEGOCIOS,2026-01-22,1000,Não
Jan,LX,550232465,24250301001,36000,2026-01-23,CT-08,MONTAGEM NOVOS NEGOCIOS,2026-01-22,1100,Não
Jan,LX,550232465,24250301001,36000,2026-01-23,CT-08,MONTAGEM NOVOS NEGOCIOS,2026-01-22,1400,Não
Jan,LX,550232465,24250301001,36000,2026-01-23,CT-08,MONTAGEM NOVOS NEGOCIOS,2026-01-22,100,Não
Jan,LX,550232465,24250301001,36000,2026-01-23,CT-08,MONTAGEM NOVOS NEGOCIOS,2026-01-22,100,Não
Jan,LX,550232465,24250301001,36000,2026-01-23,CT-15,MONTAGEM UCW,2026-01-22,1600,Não
Jan,LX,550232465,24250301001,36000,2026-01-23,CT-23,CORTE/APLICAÇÃO AUTOMATICA,2026-01-22,1300,Não
Jan,LX,550232465,24250301001,36000,2026-01-23,CT-63,MONTAR CABOS ESPECIAIS,2026-01-22,300,Não
Jan,LX,550232465,24250301001,36000,2026-01-23,CT-63,MONTAR CABOS ESPECIAIS,2026-01-22,1600,Não
Jan,MZ,50232465,24250401001,12000,2026-01-26,CT-08,MONTAGEM NOVOS NEGOCIOS,2026-01-22,2000,Não
Jan,MZ,50232465,24250401001,12000,2026-01-26,CT-08,MONTAGEM NOVOS NEGOCIOS,2026-01-22,100,Não
Jan,MZ,50232465,24250401001,12000,2026-01-26,CT-15,MONTAGEM UCW,2026-01-22,200,Não
Jan,MZ,50232465,24250401001,12000,2026-01-26,CT-15,MONTAGEM UCW,2026-01-22,1700,Não
Jan,MZ,50232465,24250401001,12000,2026-01-26,CT-15,MONTAGEM UCW,2026-01-22,1500,Não
Jan,MZ,50232465,24250401001,12000,2026-01-26,CT-15,MONTAGEM UCW,2026-01-22,300,Não
Jan,MZ,50232465,24250401001,12000,2026-01-26,CT-15,MONTAGEM UCW,2026-01-22,100,Não
Jan,MZ,50232465,24250401001,12000,2026-01-26,CT-15,MONTAGEM UCW,2026-01-22,1700,Não
Jan,MZ,50232465,24250401001,12000,2026-01-26,CT-23,CORTE/APLICAÇÃO AUTOMATICA,2026-01-22,5800,Não
Jan,MZ,50232465,24250401001,12000,2026-01-26,CT-23,CORTE/APLICAÇÃO AUTOMATICA,2026-01-22,3300,Não
Jan,MZ,50232465,24250401001,12000,2026-01-26,CT-23,CORTE/APLICAÇÃO AUTOMATICA,2026-01-22,2900,Não
Jan,MZ,50232465,24250401001,12000,2026-01-26,CT-63,MONTAR CABOS ESPECIAIS,2026-01-22,2000,Não
Jan,MZ,50232465,24250401001,12000,2026-01-26,CT-63,MONTAR CABOS ESPECIAIS,2026-01-22,100,Não
Jan,MZ,50232465,24250401001,12000,2026-01-26,CT-15,MONTAGEM UCW,2026-01-23,1400,Não
Jan,MZ,50232465,24250401001,12000,2026-01-26,CT-15,MONTAGEM UCW,2026-01-23,300,Não
Jan,MZ,50232465,24250401001,12000,2026-01-26,CT-15,MONTAGEM UCW,2026-01-23,200,Não
Jan,MZ,50232465,24250401001,12000,2026-01-26,CT-15,MONTAGEM UCW,2026-01-23,200,Não
Jan,MZ,50232465,24250401001,12000,2026-01-26,CT-62,MONTAGEM DE CHICOTES DIVERSOS,2026-01-23,200,Não
Jan,PH,50233615,24185101001,12000,2026-01-28,CT-23,CORTE/APLICAÇÃO AUTOMATICA,2026-01-22,1900,Não
Jan,PH,50233615,24185101001,12000,2026-01-28,CT-08,MONTAGEM NOVOS NEGOCIOS,2026-01-23,500,Não
Jan,PH,50233615,24185101001,12000,2026-01-28,CT-08,MONTAGEM NOVOS NEGOCIOS,2026-01-23,400,Não
Jan,PH,50233615,24185101001,12000,2026-01-28,CT-08,MONTAGEM NOVOS NEGOCIOS,2026-01-23,2400,Não
Jan,PH,50233615,24185101001,12000,2026-01-28,CT-08,MONTAGEM NOVOS NEGOCIOS,2026-01-23,2500,Não
Jan,PH,50233615,24185101001,12000,2026-01-28,CT-08,MONTAGEM NOVOS NEGOCIOS,2026-01-23,100,Não
Jan,PH,50233615,24185101001,12000,2026-01-28,CT-08,MONTAGEM NOVOS NEGOCIOS,2026-01-23,200,Não
Jan,PH,50233615,24185101001,12000,2026-01-28,CT-23,CORTE/APLICAÇÃO AUTOMATICA,2026-01-23,3600,Não
Jan,PH,50233615,24185101001,12000,2026-01-28,CT-23,CORTE/APLICAÇÃO AUTOMATICA,2026-01-23,600,Não
Jan,PH,50233615,24185101001,12000,2026-01-28,CT-08,MONTAGEM NOVOS NEGOCIOS,2026-01-26,1800,Não
Jan,PH,50233615,24185101001,12000,2026-01-28,CT-08,MONTAGEM NOVOS NEGOCIOS,2026-01-26,2000,Não
Jan,PH,50233615,24185101001,12000,2026-01-28,CT-12,MONTAGEM WEG,2026-01-26,1300,Não
Jan,PH,50233615,24185101001,12000,2026-01-28,CT-12,MONTAGEM WEG,2026-01-26,400,Não
Jan,PH,50233615,24185101001,12000,2026-01-28,CT-12,MONTAGEM WEG,2026-01-26,400,Não
Jan,PH,50233615,24185101001,12000,2026-01-28,CT-23,CORTE/APLICAÇÃO AUTOMATICA,2026-01-26,600,Não
Jan,PH,50233615,24185101001,12000,2026-01-28,CT-23,CORTE/APLICAÇÃO AUTOMATICA,2026-01-26,5300,Não
Jan,PI,50233616,24185201001,12000,2026-01-28,CT-08,MONTAGEM NOVOS NEGOCIOS,2026-01-26,100,Não
Jan,PI,50233616,24185201001,12000,2026-01-28,CT-08,MONTAGEM NOVOS NEGOCIOS,2026-01-26,3000,Não
Jan,PI,50233616,24185201001,12000,2026-01-28,CT-08,MONTAGEM NOVOS NEGOCIOS,2026-01-26,1200,Não
Jan,PI,50233616,24185201001,12000,2026-01-28,CT-08,MONTAGEM NOVOS NEGOCIOS,2026-01-26,700,Não
Jan,PI,50233616,24185201001,12000,2026-01-28,CT-12,MONTAGEM WEG,2026-01-26,100,Não
Jan,PI,50233616,24185201001,12000,2026-01-28,CT-12,MONTAGEM WEG,2026-01-26,4000,Não
Jan,PI,50233616,24185201001,12000,2026-01-28,CT-12,MONTAGEM WEG,2026-01-26,2900,Não
Jan,PI,50233616,24185201001,12000,2026-01-28,CT-23,CORTE/APLICAÇÃO AUTOMATICA,2026-01-26,3000,Não
Jan,PI,50233616,24185201001,12000,2026-01-28,CT-23,CORTE/APLICAÇÃO AUTOMATICA,2026-01-26,9000,Não
Jan,PJ,50233616,24185401001,12000,2026-01-28,CT-08,MONTAGEM NOVOS NEGOCIOS,2026-01-27,2900,Não
Jan,PJ,50233616,24185401001,12000,2026-01-28,CT-23,CORTE/APLICAÇÃO AUTOMATICA,2026-01-27,800,Não
Jan,PJ,50233616,24185401001,12000,2026-01-28,CT-23,CORTE/APLICAÇÃO AUTOMATICA,2026-01-27,10000,Não
Jan,PJ,50233616,24185401001,12000,2026-01-28,CT-23,CORTE/APLICAÇÃO AUTOMATICA,2026-01-27,800,Não
Jan,PJ,50233616,24185401001,12000,2026-01-28,CT-23,CORTE/APLICAÇÃO AUTOMATICA,2026-01-27,400,Não
Jan,PJ,50233616,24185401001,12000,2026-01-28,CT-61,MONTAGEM DE CHICOTES DIVERSOS,2026-01-27,2000,Não
Jan,PJ,50233616,24185401001,12000,2026-01-28,CT-61,MONTAGEM DE CHICOTES DIVERSOS,2026-01-27,500,Não
Jan,PJ,50233616,24185401001,12000,2026-01-28,CT-61,MONTAGEM DE CHICOTES DIVERSOS,2026-01-27,2400,Não
Jan,PJ,50233616,24185401001,12000,2026-01-28,CT-62,MONTAGEM DE CHICOTES DIVERSOS,2026-01-27,1200,Não
Jan,PJ,50233616,24185401001,12000,2026-01-28,CT-62,MONTAGEM DE CHICOTES DIVERSOS,2026-01-27,3000,Não
Jan,PK,50233615,24185301001,12000,2026-01-28,CT-08,MONTAGEM NOVOS NEGOCIOS,2026-01-26,100,Não
Jan,PK,50233615,24185301001,12000,2026-01-28,CT-08,MONTAGEM NOVOS NEGOCIOS,2026-01-26,300,Não
Jan,PK,50233615,24185301001,12000,2026-01-28,CT-23,CORTE/APLICAÇÃO AUTOMATICA,2026-01-26,3700,Não
Jan,PK,50233615,24185301001,12000,2026-01-28,CT-08,MONTAGEM NOVOS NEGOCIOS,2026-01-27,200,Não
Jan,PK,50233615,24185301001,12000,2026-01-28,CT-08,MONTAGEM NOVOS NEGOCIOS,2026-01-27,100,Não
Jan,PK,50233615,24185301001,12000,2026-01-28,CT-08,MONTAGEM NOVOS NEGOCIOS,2026-01-27,1300,Não
Jan,PK,50233615,24185301001,12000,2026-01-28,CT-23,CORTE/APLICAÇÃO AUTOMATICA,2026-01-27,1900,Não
Jan,PK,50233615,24185301001,12000,2026-01-28,CT-23,CORTE/APLICAÇÃO AUTOMATICA,2026-01-27,6400,Não
Jan,PK,50233615,24185301001,12000,2026-01-28,CT-61,MONTAGEM DE CHICOTES DIVERSOS,2026-01-27,900,Não
Jan,PK,50233615,24185301001,12000,2026-01-28,CT-61,MONTAGEM DE CHICOTES DIVERSOS,2026-01-27,400,Não
Jan,PK,50233615,24185301001,12000,2026-01-28,CT-61,MONTAGEM DE CHICOTES DIVERSOS,2026-01-27,500,Não
Jan,PK,50233615,24185301001,12000,2026-01-28,CT-63,MONTAR CABOS ESPECIAIS,2026-01-27,1200,Não
Jan,PK,50233615,24185301001,12000,2026-01-28,CT-63,MONTAR CABOS ESPECIAIS,2026-01-27,2000,Não
Jan,PK,50233615,24185301001,12000,2026-01-28,CT-63,MONTAR CABOS ESPECIAIS,2026-01-27,2400,Não
Jan,PK,50233615,24185301001,12000,2026-01-28,CT-63,MONTAR CABOS ESPECIAIS,2026-01-27,2500,Não
Jan,PK,50233615,24185301001,12000,2026-01-28,CT-61,MONTAGEM DE CHICOTES DIVERSOS,2026-01-28,100,Não
Jan,QO,50232465,24250501001,12000,2026-01-29,CT-08,MONTAGEM NOVOS NEGOCIOS,2026-01-23,1000,Não
Jan,QO,50232465,24250501001,12000,2026-01-29,CT-08,MONTAGEM NOVOS NEGOCIOS,2026-01-23,1600,Não
Jan,QO,50232465,24250501001,12000,2026-01-29,CT-08,MONTAGEM NOVOS NEGOCIOS,2026-01-23,1100,Não
Jan,QO,50232465,24250501001,12000,2026-01-29,CT-08,MONTAGEM NOVOS NEGOCIOS,2026-01-23,1800,Não
Jan,QO,50232465,24250501001,12000,2026-01-29,CT-08,MONTAGEM NOVOS NEGOCIOS,2026-01-23,1200,Não
Jan,QO,50232465,24250501001,12000,2026-01-29,CT-08,MONTAGEM NOVOS NEGOCIOS,2026-01-23,1100,Não
Jan,QO,50232465,24250501001,12000,2026-01-29,CT-08,MONTAGEM NOVOS NEGOCIOS,2026-01-23,1600,Não
Jan,QO,50232465,24250501001,12000,2026-01-29,CT-15,MONTAGEM UCW,2026-01-23,7500,Não
Jan,QO,50232465,24250501001,12000,2026-01-29,CT-15,MONTAGEM UCW,2026-01-23,1700,Não
Jan,QO,50232465,24250501001,12000,2026-01-29,CT-23,CORTE/APLICAÇÃO AUTOMATICA,2026-01-23,2800,Não
Jan,QO,50232465,24250501001,12000,2026-01-29,CT-62,MONTAGEM DE CHICOTES DIVERSOS,2026-01-23,800,Não
Jan,QO,50232465,24250501001,12000,2026-01-29,CT-62,MONTAGEM DE CHICOTES DIVERSOS,2026-01-23,100,Não
Jan,QO,50232465,24250501001,12000,2026-01-29,CT-62,MONTAGEM DE CHICOTES DIVERSOS,2026-01-23,1700,Não
Jan,QP,50233615,24185501001,12000,2026-01-29,CT-23,CORTE/APLICAÇÃO AUTOMATICA,2026-01-27,3600,Não
Jan,QP,50233615,24185501001,12000,2026-01-29,CT-08,MONTAGEM NOVOS NEGOCIOS,2026-01-28,400,Não
Jan,QP,50233615,24185501001,12000,2026-01-29,CT-08,MONTAGEM NOVOS NEGOCIOS,2026-01-28,1700,Não
Jan,QP,50233615,24185501001,12000,2026-01-29,CT-08,MONTAGEM NOVOS NEGOCIOS,2026-01-28,900,Não
Jan,QP,50233615,24185501001,12000,2026-01-29,CT-23,CORTE/APLICAÇÃO AUTOMATICA,2026-01-28,1000,Não
Jan,QP,50233615,24185501001,12000,2026-01-29,CT-23,CORTE/APLICAÇÃO AUTOMATICA,2026-01-28,1000,Não
Jan,QP,50233615,24185501001,12000,2026-01-29,CT-23,CORTE/APLICAÇÃO AUTOMATICA,2026-01-28,1800,Não
Jan,QP,50233615,24185501001,12000,2026-01-29,CT-23,CORTE/APLICAÇÃO AUTOMATICA,2026-01-28,4600,Não
Jan,QP,50233615,24185501001,12000,2026-01-29,CT-61,MONTAGEM DE CHICOTES DIVERSOS,2026-01-28,800,Não
Jan,QP,50233615,24185501001,12000,2026-01-29,CT-61,MONTAGEM DE CHICOTES DIVERSOS,2026-01-28,2600,Não
Jan,QP,50233615,24185501001,12000,2026-01-29,CT-61,MONTAGEM DE CHICOTES DIVERSOS,2026-01-28,4000,Não
Jan,QP,50233615,24185501001,12000,2026-01-29,CT-61,MONTAGEM DE CHICOTES DIVERSOS,2026-01-28,300,Não
Jan,QP,50233615,24185501001,12000,2026-01-29,CT-61,MONTAGEM DE CHICOTES DIVERSOS,2026-01-28,100,Não
Jan,QP,50233615,24185501001,12000,2026-01-29,CT-63,MONTAR CABOS ESPECIAIS,2026-01-28,1100,Não
Jan,QP,50233615,24185501001,12000,2026-01-29,CT-63,MONTAR CABOS ESPECIAIS,2026-01-28,100,Não
Jan,RQ,50233616,24185601001,12000,2026-01-30,CT-08,MONTAGEM NOVOS NEGOCIOS,2026-01-28,1100,Não
Jan,RQ,50233616,24185601001,12000,2026-01-30,CT-08,MONTAGEM NOVOS NEGOCIOS,2026-01-28,900,Não
Jan,RQ,50233616,24185601001,12000,2026-01-30,CT-08,MONTAGEM NOVOS NEGOCIOS,2026-01-28,100,Não
Jan,RQ,50233616,24185601001,12000,2026-01-30,CT-23,CORTE/APLICAÇÃO AUTOMATICA,2026-01-28,7100,Não
Jan,RQ,50233616,24185601001,12000,2026-01-30,CT-08,MONTAGEM NOVOS NEGOCIOS,2026-01-29,900,Não
Jan,RQ,50233616,24185601001,12000,2026-01-30,CT-08,MONTAGEM NOVOS NEGOCIOS,2026-01-29,2200,Não
Jan,RQ,50233616,24185601001,12000,2026-01-30,CT-08,MONTAGEM NOVOS NEGOCIOS,2026-01-29,2300,Não
Jan,RQ,50233616,24185601001,12000,2026-01-30,CT-08,MONTAGEM NOVOS NEGOCIOS,2026-01-29,1900,Não
Jan,RQ,50233616,24185601001,12000,2026-01-30,CT-23,CORTE/APLICAÇÃO AUTOMATICA,2026-01-29,300,Não
Jan,RQ,50233616,24185601001,12000,2026-01-30,CT-23,CORTE/APLICAÇÃO AUTOMATICA,2026-01-29,1000,Não
Jan,RQ,50233616,24185601001,12000,2026-01-30,CT-23,CORTE/APLICAÇÃO AUTOMATICA,2026-01-29,3600,Não
Jan,RQ,50233616,24185601001,12000,2026-01-30,CT-08,MONTAGEM NOVOS NEGOCIOS,2026-01-30,2600,Não
Fev,T,50233616,24185801001,12000,2026-02-02,CT-08,MONTAGEM NOVOS NEGOCIOS,2026-01-29,1000,Não
Fev,T,50233616,24185801001,12000,2026-02-02,CT-08,MONTAGEM NOVOS NEGOCIOS,2026-01-29,400,Não
Fev,T,50233616,24185801001,12000,2026-02-02,CT-08,MONTAGEM NOVOS NEGOCIOS,2026-01-29,300,Não
Fev,T,50233616,24185801001,12000,2026-02-02,CT-08,MONTAGEM NOVOS NEGOCIOS,2026-01-29,100,Não
Fev,T,50233616,24185801001,12000,2026-02-02,CT-08,MONTAGEM NOVOS NEGOCIOS,2026-01-29,100,Não
Fev,T,50233616,24185801001,12000,2026-02-02,CT-23,CORTE/APLICAÇÃO AUTOMATICA,2026-01-29,1300,Não
Fev,T,50233616,24185801001,12000,2026-02-02,CT-23,CORTE/APLICAÇÃO AUTOMATICA,2026-01-29,4500,Não
Fev,T,50233616,24185801001,12000,2026-02-02,CT-08,MONTAGEM NOVOS NEGOCIOS,2026-01-30,1600,Não
Fev,T,50233616,24185801001,12000,2026-02-02,CT-08,MONTAGEM NOVOS NEGOCIOS,2026-01-30,1200,Não
Fev,T,50233616,24185801001,12000,2026-02-02,CT-08,MONTAGEM NOVOS NEGOCIOS,2026-01-30,400,Não
Fev,T,50233616,24185801001,12000,2026-02-02,CT-08,MONTAGEM NOVOS NEGOCIOS,2026-01-30,3000,Não
Fev,T,50233616,24185801001,12000,2026-02-02,CT-08,MONTAGEM NOVOS NEGOCIOS,2026-01-30,400,Não
Fev,T,50233616,24185801001,12000,2026-02-02,CT-08,MONTAGEM NOVOS NEGOCIOS,2026-01-30,1400,Não
Fev,T,50233616,24185801001,12000,2026-02-02,CT-08,MONTAGEM NOVOS NEGOCIOS,2026-01-30,1000,Não
Fev,T,50233616,24185801001,12000,2026-02-02,CT-08,MONTAGEM NOVOS NEGOCIOS,2026-01-30,1100,Não
Fev,T,50233616,24185801001,12000,2026-02-02,CT-23,CORTE/APLICAÇÃO AUTOMATICA,2026-01-30,1000,Não
Fev,T,50233616,24185801001,12000,2026-02-02,CT-23,CORTE/APLICAÇÃO AUTOMATICA,2026-01-30,1400,Não
Fev,T,50233616,24185801001,12000,2026-02-02,CT-23,CORTE/APLICAÇÃO AUTOMATICA,2026-01-30,3800,Não
Fev,V,50232465,24250601001,12000,2026-02-02,CT-08,MONTAGEM NOVOS NEGOCIOS,2026-01-23,200,Não
Fev,V,50232465,24250601001,12000,2026-02-02,CT-08,MONTAGEM NOVOS NEGOCIOS,2026-01-23,300,Não
Fev,V,50232465,24250601001,12000,2026-02-02,CT-08,MONTAGEM NOVOS NEGOCIOS,2026-01-23,500,Não
Fev,V,50232465,24250601001,12000,2026-02-02,CT-08,MONTAGEM NOVOS NEGOCIOS,2026-01-23,100,Não
Fev,V,50232465,24250601001,12000,2026-02-02,CT-23,CORTE/APLICAÇÃO AUTOMATICA,2026-01-23,1200,Não
Fev,V,50232465,24250601001,12000,2026-02-02,CT-08,MONTAGEM NOVOS NEGOCIOS,2026-01-27,500,Não
Fev,V,50232465,24250601001,12000,2026-02-02,CT-08,MONTAGEM NOVOS NEGOCIOS,2026-01-27,1000,Não
Fev,V,50232465,24250601001,12000,2026-02-02,CT-23,CORTE/APLICAÇÃO AUTOMATICA,2026-01-27,3500,Não
Fev,V,50232465,24250601001,12000,2026-02-02,CT-23,CORTE/APLICAÇÃO AUTOMATICA,2026-01-27,7300,Não
Fev,V,50232465,24250601001,12000,2026-02-02,CT-61,MONTAGEM DE CHICOTES DIVERSOS,2026-01-27,100,Não
Fev,V,50232465,24250601001,12000,2026-02-02,CT-61,MONTAGEM DE CHICOTES DIVERSOS,2026-01-27,500,Não
Fev,V,50232465,24250601001,12000,2026-02-02,CT-61,MONTAGEM DE CHICOTES DIVERSOS,2026-01-27,100,Não
Fev,V,50232465,24250601001,12000,2026-02-02,CT-62,MONTAGEM DE CHICOTES DIVERSOS,2026-01-27,1000,Não
Fev,V,50232465,24250601001,12000,2026-02-02,CT-61,MONTAGEM DE CHICOTES DIVERSOS,2026-01-28,1600,Não
Fev,V,50232465,24250601001,12000,2026-02-02,CT-61,MONTAGEM DE CHICOTES DIVERSOS,2026-01-28,2000,Não
Fev,V,50232465,24250601001,12000,2026-02-02,CT-61,MONTAGEM DE CHICOTES DIVERSOS,2026-01-28,400,Não
Fev,V,50232465,24250601001,12000,2026-02-02,CT-61,MONTAGEM DE CHICOTES DIVERSOS,2026-01-28,1500,Não
Fev,V,50232465,24250601001,12000,2026-02-02,CT-61,MONTAGEM DE CHICOTES DIVERSOS,2026-01-28,800,Não
Fev,V,50232465,24250601001,12000,2026-02-02,CT-61,MONTAGEM DE CHICOTES DIVERSOS,2026-01-28,1300,Não
Fev,V,50232465,24250601001,12000,2026-02-02,CT-61,MONTAGEM DE CHICOTES DIVERSOS,2026-01-28,100,Não
Fev,AE,50233615,24300001001,1100,2026-02-02,CT-23,CORTE/APLICAÇÃO AUTOMATICA,2026-01-30,1100,Não
Fev,AE,50233615,24300001001,1100,2026-02-02,CT-08,MONTAGEM NOVOS NEGOCIOS,2026-02-02,300,Não
Fev,AE,50233615,24300001001,1100,2026-02-02,CT-08,MONTAGEM NOVOS NEGOCIOS,2026-02-02,600,Não
Fev,AE,50233615,24300001001,1100,2026-02-02,CT-08,MONTAGEM NOVOS NEGOCIOS,2026-02-02,200,Não
Fev,AL,50233616,24300101001,2800,2026-02-02,CT-23,CORTE/APLICAÇÃO AUTOMATICA,2026-01-30,2800,Não
Fev,AL,50233616,24300101001,2800,2026-02-02,CT-08,MONTAGEM NOVOS NEGOCIOS,2026-02-02,2800,Não
Fev,AW,50233615,24185701001,12000,2026-02-03,CT-23,CORTE/APLICAÇÃO AUTOMATICA,2026-01-30,200,Não
Fev,AW,50233615,24185701001,12000,2026-02-03,CT-23,CORTE/APLICAÇÃO AUTOMATICA,2026-01-30,6200,Não
Fev,AW,50233615,24185701001,12000,2026-02-03,CT-23,CORTE/APLICAÇÃO AUTOMATICA,2026-01-30,5600,Não
Fev,AW,50233615,24185701001,12000,2026-02-03,CT-02,APLICAÇÃO DE TERMINAIS,2026-02-02,1200,Não
Fev,AW,50233615,24185701001,12000,2026-02-03,CT-02,APLICAÇÃO DE TERMINAIS,2026-02-02,2800,Não
Fev,AW,50233615,24185701001,12000,2026-02-03,CT-02,APLICAÇÃO DE TERMINAIS,2026-02-02,2800,Não
Fev,AW,50233615,24185701001,12000,2026-02-03,CT-08,MONTAGEM NOVOS NEGOCIOS,2026-02-02,200,Não
Fev,AW,50233615,24185701001,12000,2026-02-03,CT-08,MONTAGEM NOVOS NEGOCIOS,2026-02-02,800,Não
Fev,AW,50233615,24185701001,12000,2026-02-03,CT-08,MONTAGEM NOVOS NEGOCIOS,2026-02-02,800,Não
Fev,AW,50233615,24185701001,12000,2026-02-03,CT-08,MONTAGEM NOVOS NEGOCIOS,2026-02-02,200,Não
Fev,AW,50233615,24185701001,12000,2026-02-03,CT-08,MONTAGEM NOVOS NEGOCIOS,2026-02-02,200,Não
Fev,AW,50233615,24185701001,12000,2026-02-03,CT-08,MONTAGEM NOVOS NEGOCIOS,2026-02-02,3000,Não
Fev,BU,50233616,24186001001,12000,2026-02-03,CT-23,CORTE/APLICAÇÃO AUTOMATICA,2026-01-30,3300,Não
Fev,BU,50233616,24186001001,12000,2026-02-03,CT-08,MONTAGEM NOVOS NEGOCIOS,2026-02-02,2500,Não
Fev,BU,50233616,24186001001,12000,2026-02-03,CT-08,MONTAGEM NOVOS NEGOCIOS,2026-02-02,2400,Não
Fev,BU,50233616,24186001001,12000,2026-02-03,CT-08,MONTAGEM NOVOS NEGOCIOS,2026-02-02,1400,Não
Fev,BU,50233616,24186001001,12000,2026-02-03,CT-08,MONTAGEM NOVOS NEGOCIOS,2026-02-02,100,Não
Fev,BU,50233616,24186001001,12000,2026-02-03,CT-23,CORTE/APLICAÇÃO AUTOMATICA,2026-02-02,6700,Não
Fev,BU,50233616,24186001001,12000,2026-02-03,CT-23,CORTE/APLICAÇÃO AUTOMATICA,2026-02-02,2000,Não
Fev,BU,50233616,24186001001,12000,2026-02-03,CT-08,MONTAGEM NOVOS NEGOCIOS,2026-02-03,3200,Não
Fev,BU,50233616,24186001001,12000,2026-02-03,CT-08,MONTAGEM NOVOS NEGOCIOS,2026-02-03,1300,Não
Fev,BU,50233616,24186001001,12000,2026-02-03,CT-08,MONTAGEM NOVOS NEGOCIOS,2026-02-03,1000,Não
Fev,BU,50233616,24186001001,12000,2026-02-03,CT-08,MONTAGEM NOVOS NEGOCIOS,2026-02-03,100,Não
Fev,CI,50232465,24300201001,7700,2026-02-04,CT-23,CORTE/APLICAÇÃO AUTOMATICA,2026-02-02,7700,Não
Fev,CI,50232465,24300201001,7700,2026-02-04,CT-08,MONTAGEM NOVOS NEGOCIOS,2026-02-03,3000,Não
Fev,CI,50232465,24300201001,7700,2026-02-04,CT-08,MONTAGEM NOVOS NEGOCIOS,2026-02-03,1100,Não
Fev,CI,50232465,24300201001,7700,2026-02-04,CT-08,MONTAGEM NOVOS NEGOCIOS,2026-02-03,1400,Não
Fev,CI,50232465,24300201001,7700,2026-02-04,CT-08,MONTAGEM NOVOS NEGOCIOS,2026-02-03,1900,Não
Fev,CI,50232465,24300201001,7700,2026-02-04,CT-08,MONTAGEM NOVOS NEGOCIOS,2026-02-03,300,Não
Fev,CM,80015700,24289901001,29,2026-02-04,CT-08,MONTAGEM NOVOS NEGOCIOS,2026-02-03,29,Não
Fev,CM,80015700,24289901001,29,2026-02-04,CT-16,MONTAR CABOS ESPECIAIS,2026-02-03,29,Não
Fev,CM,80015700,24289901001,29,2026-02-04,CT-16,MONTAR CABOS ESPECIAIS,2026-02-03,29,Não
Fev,CM,80015700,24289901001,29,2026-02-04,CT-29,CORTE E DECAPE EXTERNO,2026-02-03,29,Não
Fev,CM,80015700,24289901001,29,2026-02-04,CT-53,MONTAGEM DE CHICOTES,2026-02-03,29,Não
Fev,CM,80015700,24289901001,29,2026-02-04,CT-16,MONTAR CABOS ESPECIAIS,2026-02-04,29,Não
Fev,CM,80015700,24289901001,29,2026-02-04,CT-16,MONTAR CABOS ESPECIAIS,2026-02-04,29,Não
Fev,CM,80015700,24289901001,29,2026-02-04,CT-16A,SECAGEM RESINA CT-16A,2026-02-04,29,Não
Fev,CN,80015701,24290001001,5,2026-02-04,CT-08,MONTAGEM NOVOS NEGOCIOS,2026-02-03,5,Não
Fev,CN,80015701,24290001001,5,2026-02-04,CT-16,MONTAR CABOS ESPECIAIS,2026-02-03,5,Não
Fev,CN,80015701,24290001001,5,2026-02-04,CT-16,MONTAR CABOS ESPECIAIS,2026-02-03,5,Não
Fev,CN,80015701,24290001001,5,2026-02-04,CT-29,CORTE E DECAPE EXTERNO,2026-02-03,5,Não
Fev,CN,80015701,24290001001,5,2026-02-04,CT-53,MONTAGEM DE CHICOTES,2026-02-03,5,Não
Fev,CN,80015701,24290001001,5,2026-02-04,CT-16,MONTAR CABOS ESPECIAIS,2026-02-04,5,Não
Fev,CN,80015701,24290001001,5,2026-02-04,CT-16,MONTAR CABOS ESPECIAIS,2026-02-04,5,Não
Fev,CN,80015701,24290001001,5,2026-02-04,CT-16A,SECAGEM RESINA CT-16A,2026-02-04,5,Não
Fev,DF,50232465,24300301001,48000,2026-02-05,CT-23,CORTE/APLICAÇÃO AUTOMATICA,2026-02-02,4500,Não
Fev,DF,50232465,24300301001,48000,2026-02-05,CT-08,MONTAGEM NOVOS NEGOCIOS,2026-02-03,1000,Não
Fev,DF,50232465,24300301001,48000,2026-02-05,CT-08,MONTAGEM NOVOS NEGOCIOS,2026-02-03,500,Não
Fev,DF,50232465,24300301001,48000,2026-02-05,CT-08,MONTAGEM NOVOS NEGOCIOS,2026-02-03,300,Não
Fev,DF,50232465,24300301001,48000,2026-02-05,CT-08,MONTAGEM NOVOS NEGOCIOS,2026-02-03,4000,Não
Fev,DF,50232465,24300301001,48000,2026-02-05,CT-08,MONTAGEM NOVOS NEGOCIOS,2026-02-03,3300,Não
Fev,DF,50232465,24300301001,48000,2026-02-05,CT-08,MONTAGEM NOVOS NEGOCIOS,2026-02-03,2500,Não
Fev,DF,50232465,24300301001,48000,2026-02-05,CT-08,MONTAGEM NOVOS NEGOCIOS,2026-02-03,500,Não
Fev,DF,50232465,24300301001,48000,2026-02-05,CT-08,MONTAGEM NOVOS NEGOCIOS,2026-02-03,100,Não
Fev,DF,50232465,24300301001,48000,2026-02-05,CT-08,MONTAGEM NOVOS NEGOCIOS,2026-02-03,100,Não
Fev,DF,50232465,24300301001,48000,2026-02-05,CT-23,CORTE/APLICAÇÃO AUTOMATICA,2026-02-03,700,Não
Fev,DF,50232465,24300301001,48000,2026-02-05,CT-23,CORTE/APLICAÇÃO AUTOMATICA,2026-02-03,5000,Não
Fev,DF,50232465,24300301001,48000,2026-02-05,CT-23,CORTE/APLICAÇÃO AUTOMATICA,2026-02-03,11300,Não
Fev,DF,50232465,24300301001,48000,2026-02-05,CT-23,CORTE/APLICAÇÃO AUTOMATICA,2026-02-03,1000,Não
Fev,DF,50232465,24300301001,48000,2026-02-05,CT-12,MONTAGEM WEG,2026-02-04,1700,Não
Fev,DF,50232465,24300301001,48000,2026-02-05,CT-12,MONTAGEM WEG,2026-02-04,600,Não
Fev,DF,50232465,24300301001,48000,2026-02-05,CT-12,MONTAGEM WEG,2026-02-04,500,Não
Fev,DF,50232465,24300301001,48000,2026-02-05,CT-12,MONTAGEM WEG,2026-02-04,800,Não
Fev,DF,50232465,24300301001,48000,2026-02-05,CT-12,MONTAGEM WEG,2026-02-04,300,Não
Fev,DF,50232465,24300301001,48000,2026-02-05,CT-12,MONTAGEM WEG,2026-02-04,2500,Não
Fev,DF,50232465,24300301001,48000,2026-02-05,CT-12,MONTAGEM WEG,2026-02-04,2400,Não
Fev,DF,50232465,24300301001,48000,2026-02-05,CT-12,MONTAGEM WEG,2026-02-04,2000,Não
Fev,DF,50232465,24300301001,48000,2026-02-05,CT-12,MONTAGEM WEG,2026-02-04,2200,Não
Fev,DF,50232465,24300301001,48000,2026-02-05,CT-12,MONTAGEM WEG,2026-02-04,100,Não
Fev,DF,50232465,24300301001,48000,2026-02-05,CT-12,MONTAGEM WEG,2026-02-04,2600,Não
Fev,DF,50232465,24300301001,48000,2026-02-05,CT-12,MONTAGEM WEG,2026-02-04,4000,Não
Fev,DF,50232465,24300301001,48000,2026-02-05,CT-12,MONTAGEM WEG,2026-02-04,3200,Não
Fev,DF,50232465,24300301001,48000,2026-02-05,CT-12,MONTAGEM WEG,2026-02-04,2900,Não
Fev,DF,50232465,24300301001,48000,2026-02-05,CT-12,MONTAGEM WEG,2026-02-04,100,Não
Fev,DF,50232465,24300301001,48000,2026-02-05,CT-12,MONTAGEM WEG,2026-02-04,100,Não
Fev,DF,50232465,24300301001,48000,2026-02-05,CT-12,MONTAGEM WEG,2026-02-04,500,Não
Fev,DF,50232465,24300301001,48000,2026-02-05,CT-12,MONTAGEM WEG,2026-02-04,700,Não
Fev,DF,50232465,24300301001,48000,2026-02-05,CT-23,CORTE/APLICAÇÃO AUTOMATICA,2026-02-04,2300,Não
Fev,DF,50232465,24300301001,48000,2026-02-05,CT-23,CORTE/APLICAÇÃO AUTOMATICA,2026-02-04,3000,Não
Fev,DF,50232465,24300301001,48000,2026-02-05,CT-23,CORTE/APLICAÇÃO AUTOMATICA,2026-02-04,7000,Não
Fev,DF,50232465,24300301001,48000,2026-02-05,CT-23,CORTE/APLICAÇÃO AUTOMATICA,2026-02-04,12500,Não
Fev,DF,50232465,24300301001,48000,2026-02-05,CT-02,APLICAÇÃO DE TERMINAIS,2026-02-05,4500,Não
Fev,DF,50232465,24300301001,48000,2026-02-05,CT-02,APLICAÇÃO DE TERMINAIS,2026-02-05,1940,Não
Fev,DF,50232465,24300301001,48000,2026-02-05,CT-02,APLICAÇÃO DE TERMINAIS,2026-02-05,700,Não
Fev,DF,50232465,24300301001,48000,2026-02-05,CT-12,MONTAGEM WEG,2026-02-05,1360,Não
Fev,DF,50232465,24300301001,48000,2026-02-05,CT-23,CORTE/APLICAÇÃO AUTOMATICA,2026-02-05,700,Não
Fev,IH,50233615,24185901001,12000,2026-02-11,CT-23,CORTE/APLICAÇÃO AUTOMATICA,2026-02-09,5500,Não
Fev,IH,50233615,24185901001,12000,2026-02-11,CT-23,CORTE/APLICAÇÃO AUTOMATICA,2026-02-09,6500,Não
Fev,IH,50233615,24185901001,12000,2026-02-11,CT-08,MONTAGEM NOVOS NEGOCIOS,2026-02-10,3500,Não
Fev,IH,50233615,24185901001,12000,2026-02-11,CT-08,MONTAGEM NOVOS NEGOCIOS,2026-02-10,3000,Não
Fev,IH,50233615,24185901001,12000,2026-02-11,CT-08,MONTAGEM NOVOS NEGOCIOS,2026-02-10,2200,Não
Fev,IH,50233615,24185901001,12000,2026-02-11,CT-08,MONTAGEM NOVOS NEGOCIOS,2026-02-10,3300,Não
Fev,JG,50233615,24186101001,12000,2026-02-12,CT-23,CORTE/APLICAÇÃO AUTOMATICA,2026-02-09,7100,Não
Fev,JG,50233615,24186101001,12000,2026-02-12,CT-08,MONTAGEM NOVOS NEGOCIOS,2026-02-10,200,Não
Fev,JG,50233615,24186101001,12000,2026-02-12,CT-23,CORTE/APLICAÇÃO AUTOMATICA,2026-02-10,4900,Não
Fev,JG,50233615,24186101001,12000,2026-02-12,CT-08,MONTAGEM NOVOS NEGOCIOS,2026-02-11,900,Não
Fev,JG,50233615,24186101001,12000,2026-02-12,CT-08,MONTAGEM NOVOS NEGOCIOS,2026-02-11,3100,Não
Fev,JG,50233615,24186101001,12000,2026-02-12,CT-08,MONTAGEM NOVOS NEGOCIOS,2026-02-11,2000,Não
Fev,JG,50233615,24186101001,12000,2026-02-12,CT-08,MONTAGEM NOVOS NEGOCIOS,2026-02-11,2000,Não
Fev,JG,50233615,24186101001,12000,2026-02-12,CT-08,MONTAGEM NOVOS NEGOCIOS,2026-02-12,3800,Não
Fev,KN,50233615,24186301001,12000,2026-02-13,CT-23,CORTE/APLICAÇÃO AUTOMATICA,2026-02-10,2600,Não
Fev,KN,50233615,24186301001,12000,2026-02-13,CT-23,CORTE/APLICAÇÃO AUTOMATICA,2026-02-11,2300,Não
Fev,KN,50233615,24186301001,12000,2026-02-13,CT-23,CORTE/APLICAÇÃO AUTOMATICA,2026-02-11,7100,Não
Fev,KN,50233615,24186301001,12000,2026-02-13,CT-08,MONTAGEM NOVOS NEGOCIOS,2026-02-12,900,Não
Fev,KN,50233615,24186301001,12000,2026-02-13,CT-08,MONTAGEM NOVOS NEGOCIOS,2026-02-12,900,Não
Fev,KN,50233615,24186301001,12000,2026-02-13,CT-08,MONTAGEM NOVOS NEGOCIOS,2026-02-12,1600,Não
Fev,KN,50233615,24186301001,12000,2026-02-13,CT-08,MONTAGEM NOVOS NEGOCIOS,2026-02-12,1900,Não
Fev,KN,50233615,24186301001,12000,2026-02-13,CT-08,MONTAGEM NOVOS NEGOCIOS,2026-02-12,800,Não
Fev,KN,50233615,24186301001,12000,2026-02-13,CT-08,MONTAGEM NOVOS NEGOCIOS,2026-02-12,200,Não
Fev,KN,50233615,24186301001,12000,2026-02-13,CT-08,MONTAGEM NOVOS NEGOCIOS,2026-02-12,500,Não
Fev,KN,50233615,24186301001,12000,2026-02-13,CT-08,MONTAGEM NOVOS NEGOCIOS,2026-02-12,2000,Não
Fev,KN,50233615,24186301001,12000,2026-02-13,CT-08,MONTAGEM NOVOS NEGOCIOS,2026-02-12,2000,Não
Fev,KN,50233615,24186301001,12000,2026-02-13,CT-08,MONTAGEM NOVOS NEGOCIOS,2026-02-12,1200,Não
Fev,KP,50232465,24250801001,12000,2026-02-13,CT-23,CORTE/APLICAÇÃO AUTOMATICA,2026-02-05,1200,Não
Fev,KP,50232465,24250801001,12000,2026-02-13,CT-08,MONTAGEM NOVOS NEGOCIOS,2026-02-06,300,Não
Fev,KP,50232465,24250801001,12000,2026-02-13,CT-23,CORTE/APLICAÇÃO AUTOMATICA,2026-02-06,6500,Não
Fev,KP,50232465,24250801001,12000,2026-02-13,CT-23,CORTE/APLICAÇÃO AUTOMATICA,2026-02-06,300,Não
Fev,KP,50232465,24250801001,12000,2026-02-13,CT-08,MONTAGEM NOVOS NEGOCIOS,2026-02-09,900,Não
Fev,KP,50232465,24250801001,12000,2026-02-13,CT-12,MONTAGEM WEG,2026-02-09,500,Não
Fev,KP,50232465,24250801001,12000,2026-02-13,CT-12,MONTAGEM WEG,2026-02-09,100,Não
Fev,KP,50232465,24250801001,12000,2026-02-13,CT-23,CORTE/APLICAÇÃO AUTOMATICA,2026-02-09,400,Não
Fev,KP,50232465,24250801001,12000,2026-02-13,CT-61,MONTAGEM DE CHICOTES DIVERSOS,2026-02-09,400,Não
Fev,KP,50232465,24250801001,12000,2026-02-13,CT-61,MONTAGEM DE CHICOTES DIVERSOS,2026-02-09,100,Não
Fev,KP,50232465,24250801001,12000,2026-02-13,CT-61,MONTAGEM DE CHICOTES DIVERSOS,2026-02-09,100,Não
Fev,KP,50232465,24250801001,12000,2026-02-13,CT-61,MONTAGEM DE CHICOTES DIVERSOS,2026-02-09,3400,Não
Fev,KP,50232465,24250801001,12000,2026-02-13,CT-23,CORTE/APLICAÇÃO AUTOMATICA,2026-02-10,3600,Não
Fev,KP,50232465,24250801001,12000,2026-02-13,CT-61,MONTAGEM DE CHICOTES DIVERSOS,2026-02-11,1900,Não
Fev,KP,50232465,24250801001,12000,2026-02-13,CT-61,MONTAGEM DE CHICOTES DIVERSOS,2026-02-11,100,Não
Fev,KP,50232465,24250801001,12000,2026-02-13,CT-61,MONTAGEM DE CHICOTES DIVERSOS,2026-02-11,100,Não
Fev,KP,50232465,24250801001,12000,2026-02-13,CT-61,MONTAGEM DE CHICOTES DIVERSOS,2026-02-11,100,Não
Fev,KP,50232465,24250801001,12000,2026-02-13,CT-61,MONTAGEM DE CHICOTES DIVERSOS,2026-02-11,100,Não
Fev,KP,50232465,24250801001,12000,2026-02-13,CT-61,MONTAGEM DE CHICOTES DIVERSOS,2026-02-11,100,Não
Fev,KP,50232465,24250801001,12000,2026-02-13,CT-61,MONTAGEM DE CHICOTES DIVERSOS,2026-02-11,100,Não
Fev,KP,50232465,24250801001,12000,2026-02-13,CT-61,MONTAGEM DE CHICOTES DIVERSOS,2026-02-12,2900,Não
Fev,KP,50232465,24250801001,12000,2026-02-13,CT-61,MONTAGEM DE CHICOTES DIVERSOS,2026-02-13,400,Não
Fev,KP,50232465,24250801001,12000,2026-02-13,CT-61,MONTAGEM DE CHICOTES DIVERSOS,2026-02-13,400,Não
Fev,KQ,50232465,24318301001,1300,2026-02-13,CT-23,CORTE/APLICAÇÃO AUTOMATICA,2026-02-09,1300,Não
Fev,KQ,50232465,24318301001,1300,2026-02-13,CT-12,MONTAGEM WEG,2026-02-10,1300,Não
Fev,LD,50233616,24318501001,1900,2026-02-13,CT-23,CORTE/APLICAÇÃO AUTOMATICA,2026-02-09,600,Não
Fev,LD,50233616,24318501001,1900,2026-02-13,CT-23,CORTE/APLICAÇÃO AUTOMATICA,2026-02-09,1300,Não
Fev,LD,50233616,24318501001,1900,2026-02-13,CT-08,MONTAGEM NOVOS NEGOCIOS,2026-02-10,1900,Não
Fev,LE,50233616,24318401001,1600,2026-02-13,CT-08,MONTAGEM NOVOS NEGOCIOS,2026-02-09,1600,Não
Fev,LE,50233616,24318401001,1600,2026-02-13,CT-23,CORTE/APLICAÇÃO AUTOMATICA,2026-02-09,1600,Não
Fev,NC,50233616,24186201001,12000,2026-02-18,CT-23,CORTE/APLICAÇÃO AUTOMATICA,2026-02-16,8300,Não
Fev,NC,50233616,24186201001,12000,2026-02-18,CT-12,MONTAGEM WEG,2026-02-17,1000,Não
Fev,NC,50233616,24186201001,12000,2026-02-18,CT-12,MONTAGEM WEG,2026-02-17,100,Não
Fev,NC,50233616,24186201001,12000,2026-02-18,CT-12,MONTAGEM WEG,2026-02-17,600,Não
Fev,NC,50233616,24186201001,12000,2026-02-18,CT-12,MONTAGEM WEG,2026-02-17,100,Não
Fev,NC,50233616,24186201001,12000,2026-02-18,CT-12,MONTAGEM WEG,2026-02-17,200,Não
Fev,NC,50233616,24186201001,12000,2026-02-18,CT-12,MONTAGEM WEG,2026-02-17,2000,Não
Fev,NC,50233616,24186201001,12000,2026-02-18,CT-12,MONTAGEM WEG,2026-02-17,2000,Não
Fev,NC,50233616,24186201001,12000,2026-02-18,CT-12,MONTAGEM WEG,2026-02-17,100,Não
Fev,NC,50233616,24186201001,12000,2026-02-18,CT-12,MONTAGEM WEG,2026-02-17,300,Não
Fev,NC,50233616,24186201001,12000,2026-02-18,CT-12,MONTAGEM WEG,2026-02-17,200,Não
Fev,NC,50233616,24186201001,12000,2026-02-18,CT-12,MONTAGEM WEG,2026-02-17,100,Não
Fev,NC,50233616,24186201001,12000,2026-02-18,CT-23,CORTE/APLICAÇÃO AUTOMATICA,2026-02-17,100,Não
Fev,NC,50233616,24186201001,12000,2026-02-18,CT-23,CORTE/APLICAÇÃO AUTOMATICA,2026-02-17,1300,Não
Fev,NC,50233616,24186201001,12000,2026-02-18,CT-23,CORTE/APLICAÇÃO AUTOMATICA,2026-02-17,2300,Não
Fev,NC,50233616,24186201001,12000,2026-02-18,CT-62,MONTAGEM DE CHICOTES DIVERSOS,2026-02-17,400,Não
Fev,NC,50233616,24186201001,12000,2026-02-18,CT-62,MONTAGEM DE CHICOTES DIVERSOS,2026-02-17,600,Não
Fev,NC,50233616,24186201001,12000,2026-02-18,CT-62,MONTAGEM DE CHICOTES DIVERSOS,2026-02-17,600,Não
Fev,NC,50233616,24186201001,12000,2026-02-18,CT-62,MONTAGEM DE CHICOTES DIVERSOS,2026-02-17,700,Não
Fev,NC,50233616,24186201001,12000,2026-02-18,CT-62,MONTAGEM DE CHICOTES DIVERSOS,2026-02-17,200,Não
Fev,NC,50233616,24186201001,12000,2026-02-18,CT-62,MONTAGEM DE CHICOTES DIVERSOS,2026-02-17,2000,Não
Fev,NC,50233616,24186201001,12000,2026-02-18,CT-62,MONTAGEM DE CHICOTES DIVERSOS,2026-02-17,800,Não
Fev,OA,50233616,24186401001,12000,2026-02-18,CT-08,MONTAGEM NOVOS NEGOCIOS,2026-02-16,100,Não
Fev,OA,50233616,24186401001,12000,2026-02-18,CT-08,MONTAGEM NOVOS NEGOCIOS,2026-02-16,100,Não
Fev,OA,50233616,24186401001,12000,2026-02-18,CT-23,CORTE/APLICAÇÃO AUTOMATICA,2026-02-16,5500,Não
Fev,OA,50233616,24186401001,12000,2026-02-18,CT-23,CORTE/APLICAÇÃO AUTOMATICA,2026-02-16,6500,Não
Fev,OA,50233616,24186401001,12000,2026-02-18,CT-08,MONTAGEM NOVOS NEGOCIOS,2026-02-17,100,Não
Fev,OA,50233616,24186401001,12000,2026-02-18,CT-62,MONTAGEM DE CHICOTES DIVERSOS,2026-02-17,1400,Não
Fev,OA,50233616,24186401001,12000,2026-02-18,CT-62,MONTAGEM DE CHICOTES DIVERSOS,2026-02-17,3000,Não
Fev,OA,50233616,24186401001,12000,2026-02-18,CT-62,MONTAGEM DE CHICOTES DIVERSOS,2026-02-17,100,Não
Fev,OA,50233616,24186401001,12000,2026-02-18,CT-62,MONTAGEM DE CHICOTES DIVERSOS,2026-02-17,500,Não
Fev,OA,50233616,24186401001,12000,2026-02-18,CT-62,MONTAGEM DE CHICOTES DIVERSOS,2026-02-18,400,Não
Fev,OA,50233616,24186401001,12000,2026-02-18,CT-62,MONTAGEM DE CHICOTES DIVERSOS,2026-02-18,1500,Não
Fev,OA,50233616,24186401001,12000,2026-02-18,CT-62,MONTAGEM DE CHICOTES DIVERSOS,2026-02-18,1800,Não
Fev,OA,50233616,24186401001,12000,2026-02-18,CT-62,MONTAGEM DE CHICOTES DIVERSOS,2026-02-18,600,Não
Fev,OA,50233616,24186401001,12000,2026-02-18,CT-62,MONTAGEM DE CHICOTES DIVERSOS,2026-02-18,800,Não
Fev,OA,50233616,24186401001,12000,2026-02-18,CT-62,MONTAGEM DE CHICOTES DIVERSOS,2026-02-18,1600,Não
Fev,OD,50232465,24250901001,12000,2026-02-19,CT-23,CORTE/APLICAÇÃO AUTOMATICA,2026-02-17,500,Não
Fev,OD,50232465,24250901001,12000,2026-02-19,CT-23,CORTE/APLICAÇÃO AUTOMATICA,2026-02-17,300,Não
Fev,OD,50232465,24250901001,12000,2026-02-19,CT-08,MONTAGEM NOVOS NEGOCIOS,2026-02-18,800,Não
Fev,OD,50232465,24250901001,12000,2026-02-19,CT-08,MONTAGEM NOVOS NEGOCIOS,2026-02-18,2300,Não
Fev,OD,50232465,24250901001,12000,2026-02-19,CT-08,MONTAGEM NOVOS NEGOCIOS,2026-02-18,500,Não
Fev,OD,50232465,24250901001,12000,2026-02-19,CT-08,MONTAGEM NOVOS NEGOCIOS,2026-02-18,600,Não
Fev,OD,50232465,24250901001,12000,2026-02-19,CT-08,MONTAGEM NOVOS NEGOCIOS,2026-02-18,300,Não
Fev,OD,50232465,24250901001,12000,2026-02-19,CT-08,MONTAGEM NOVOS NEGOCIOS,2026-02-18,300,Não
Fev,OD,50232465,24250901001,12000,2026-02-19,CT-23,CORTE/APLICAÇÃO AUTOMATICA,2026-02-18,3800,Não
Fev,OD,50232465,24250901001,12000,2026-02-19,CT-23,CORTE/APLICAÇÃO AUTOMATICA,2026-02-18,6800,Não
Fev,OD,50232465,24250901001,12000,2026-02-19,CT-23,CORTE/APLICAÇÃO AUTOMATICA,2026-02-18,600,Não
Fev,OD,50232465,24250901001,12000,2026-02-19,CT-63,MONTAR CABOS ESPECIAIS,2026-02-18,2200,Não
Fev,OD,50232465,24250901001,12000,2026-02-19,CT-63,MONTAR CABOS ESPECIAIS,2026-02-18,2300,Não
Fev,OD,50232465,24250901001,12000,2026-02-19,CT-63,MONTAR CABOS ESPECIAIS,2026-02-18,1500,Não
Fev,OD,50232465,24250901001,12000,2026-02-19,CT-63,MONTAR CABOS ESPECIAIS,2026-02-18,1000,Não
Fev,OD,50232465,24250901001,12000,2026-02-19,CT-63,MONTAR CABOS ESPECIAIS,2026-02-18,200,Não
Fev,ON,50233615,24186501001,12000,2026-02-19,CT-08,MONTAGEM NOVOS NEGOCIOS,2026-02-18,2800,Não
Fev,ON,50233615,24186501001,12000,2026-02-19,CT-08,MONTAGEM NOVOS NEGOCIOS,2026-02-18,2500,Não
Fev,ON,50233615,24186501001,12000,2026-02-19,CT-08,MONTAGEM NOVOS NEGOCIOS,2026-02-18,1000,Não
Fev,ON,50233615,24186501001,12000,2026-02-19,CT-08,MONTAGEM NOVOS NEGOCIOS,2026-02-18,2000,Não
Fev,ON,50233615,24186501001,12000,2026-02-19,CT-08,MONTAGEM NOVOS NEGOCIOS,2026-02-18,1300,Não
Fev,ON,50233615,24186501001,12000,2026-02-19,CT-08,MONTAGEM NOVOS NEGOCIOS,2026-02-18,100,Não
Fev,ON,50233615,24186501001,12000,2026-02-19,CT-23,CORTE/APLICAÇÃO AUTOMATICA,2026-02-18,500,Não
Fev,ON,50233615,24186501001,12000,2026-02-19,CT-23,CORTE/APLICAÇÃO AUTOMATICA,2026-02-18,700,Não
Fev,ON,50233615,24186501001,12000,2026-02-19,CT-23,CORTE/APLICAÇÃO AUTOMATICA,2026-02-18,8500,Não
Fev,ON,50233615,24186501001,12000,2026-02-19,CT-08,MONTAGEM NOVOS NEGOCIOS,2026-02-19,1300,Não
Fev,ON,50233615,24186501001,12000,2026-02-19,CT-08,MONTAGEM NOVOS NEGOCIOS,2026-02-19,1000,Não
Fev,ON,50233615,24186501001,12000,2026-02-19,CT-23,CORTE/APLICAÇÃO AUTOMATICA,2026-02-19,2300,Não
Fev,PB,50233615,24186701001,12000,2026-02-20,CT-08,MONTAGEM NOVOS NEGOCIOS,2026-02-19,2800,Não
Fev,PB,50233615,24186701001,12000,2026-02-20,CT-08,MONTAGEM NOVOS NEGOCIOS,2026-02-19,2600,Não
Fev,PB,50233615,24186701001,12000,2026-02-20,CT-08,MONTAGEM NOVOS NEGOCIOS,2026-02-19,2200,Não
Fev,PB,50233615,24186701001,12000,2026-02-20,CT-08,MONTAGEM NOVOS NEGOCIOS,2026-02-19,3000,Não
Fev,PB,50233615,24186701001,12000,2026-02-20,CT-08,MONTAGEM NOVOS NEGOCIOS,2026-02-19,1400,Não
Fev,PB,50233615,24186701001,12000,2026-02-20,CT-23,CORTE/APLICAÇÃO AUTOMATICA,2026-02-19,900,Não
Fev,PB,50233615,24186701001,12000,2026-02-20,CT-23,CORTE/APLICAÇÃO AUTOMATICA,2026-02-19,5500,Não
Fev,PB,50233615,24186701001,12000,2026-02-20,CT-23,CORTE/APLICAÇÃO AUTOMATICA,2026-02-19,5600,Não
Fev,PG,50233615,24186901001,12000,2026-02-20,CT-08,MONTAGEM NOVOS NEGOCIOS,2026-02-19,1600,Não
Fev,PG,50233615,24186901001,12000,2026-02-20,CT-08,MONTAGEM NOVOS NEGOCIOS,2026-02-19,1100,Não
Fev,PG,50233615,24186901001,12000,2026-02-20,CT-08,MONTAGEM NOVOS NEGOCIOS,2026-02-19,1000,Não
Fev,PG,50233615,24186901001,12000,2026-02-20,CT-23,CORTE/APLICAÇÃO AUTOMATICA,2026-02-19,12000,Não
Fev,PG,50233615,24186901001,12000,2026-02-20,CT-08,MONTAGEM NOVOS NEGOCIOS,2026-02-20,3300,Não
Fev,PG,50233615,24186901001,12000,2026-02-20,CT-08,MONTAGEM NOVOS NEGOCIOS,2026-02-20,2400,Não
Fev,PG,50233615,24186901001,12000,2026-02-20,CT-08,MONTAGEM NOVOS NEGOCIOS,2026-02-20,2400,Não
Fev,PG,50233615,24186901001,12000,2026-02-20,CT-08,MONTAGEM NOVOS NEGOCIOS,2026-02-20,200,Não
Fev,QE,50233615,24187101001,12000,2026-02-23,CT-08,MONTAGEM NOVOS NEGOCIOS,2026-02-20,200,Não
Fev,QE,50233615,24187101001,12000,2026-02-23,CT-08,MONTAGEM NOVOS NEGOCIOS,2026-02-20,800,Não
Fev,QE,50233615,24187101001,12000,2026-02-23,CT-15,MONTAGEM UCW,2026-02-20,600,Não
Fev,QE,50233615,24187101001,12000,2026-02-23,CT-23,CORTE/APLICAÇÃO AUTOMATICA,2026-02-20,1600,Não
Fev,QE,50233615,24187101001,12000,2026-02-23,CT-23,CORTE/APLICAÇÃO AUTOMATICA,2026-02-20,3200,Não
Fev,QE,50233615,24187101001,12000,2026-02-23,CT-23,CORTE/APLICAÇÃO AUTOMATICA,2026-02-20,3100,Não
Fev,QE,50233615,24187101001,12000,2026-02-23,CT-23,CORTE/APLICAÇÃO AUTOMATICA,2026-02-20,4100,Não
Fev,QE,50233615,24187101001,12000,2026-02-23,CT-08,MONTAGEM NOVOS NEGOCIOS,2026-02-23,500,Não
Fev,QE,50233615,24187101001,12000,2026-02-23,CT-15,MONTAGEM UCW,2026-02-23,4000,Não
Fev,QE,50233615,24187101001,12000,2026-02-23,CT-15,MONTAGEM UCW,2026-02-23,5900,Não
Fev,QF,50233616,24187001001,12000,2026-02-23,CT-08,MONTAGEM NOVOS NEGOCIOS,2026-02-20,200,Não
Fev,QF,50233616,24187001001,12000,2026-02-23,CT-08,MONTAGEM NOVOS NEGOCIOS,2026-02-20,2700,Não
Fev,QF,50233616,24187001001,12000,2026-02-23,CT-08,MONTAGEM NOVOS NEGOCIOS,2026-02-20,4000,Não
Fev,QF,50233616,24187001001,12000,2026-02-23,CT-08,MONTAGEM NOVOS NEGOCIOS,2026-02-20,3000,Não
Fev,QF,50233616,24187001001,12000,2026-02-23,CT-23,CORTE/APLICAÇÃO AUTOMATICA,2026-02-20,5000,Não
Fev,QF,50233616,24187001001,12000,2026-02-23,CT-23,CORTE/APLICAÇÃO AUTOMATICA,2026-02-20,7000,Não
Fev,QF,50233616,24187001001,12000,2026-02-23,CT-08,MONTAGEM NOVOS NEGOCIOS,2026-02-23,800,Não
Fev,QF,50233616,24187001001,12000,2026-02-23,CT-08,MONTAGEM NOVOS NEGOCIOS,2026-02-23,600,Não
Fev,QF,50233616,24187001001,12000,2026-02-23,CT-08,MONTAGEM NOVOS NEGOCIOS,2026-02-23,700,Não
Fev,QJ,990263749,24336001001,74,2026-02-23,CT-23,CORTE/APLICAÇÃO AUTOMATICA,2026-02-23,74,Não
Fev,QJ,990263749,24336001001,74,2026-02-23,CT-53,MONTAGEM DE CHICOTES,2026-02-23,74,Não
Fev,RO,50232465,24251001001,12000,2026-02-25,CT-08,MONTAGEM NOVOS NEGOCIOS,2026-02-24,400,Não
Fev,RO,50232465,24251001001,12000,2026-02-25,CT-08,MONTAGEM NOVOS NEGOCIOS,2026-02-24,5100,Não
Fev,RO,50232465,24251001001,12000,2026-02-25,CT-08,MONTAGEM NOVOS NEGOCIOS,2026-02-24,3800,Não
Fev,RO,50232465,24251001001,12000,2026-02-25,CT-08,MONTAGEM NOVOS NEGOCIOS,2026-02-24,100,Não
Fev,RO,50232465,24251001001,12000,2026-02-25,CT-08,MONTAGEM NOVOS NEGOCIOS,2026-02-24,200,Não
Fev,RO,50232465,24251001001,12000,2026-02-25,CT-23,CORTE/APLICAÇÃO AUTOMATICA,2026-02-24,6000,Não
Fev,RO,50232465,24251001001,12000,2026-02-25,CT-23,CORTE/APLICAÇÃO AUTOMATICA,2026-02-24,6000,Não
Fev,RO,50232465,24251001001,12000,2026-02-25,CT-08,MONTAGEM NOVOS NEGOCIOS,2026-02-25,1500,Não
Fev,RO,50232465,24251001001,12000,2026-02-25,CT-08,MONTAGEM NOVOS NEGOCIOS,2026-02-25,900,Não
Fev,RU,50233616,24186801001,12000,2026-02-26,CT-23,CORTE/APLICAÇÃO AUTOMATICA,2026-02-20,3700,Não
Fev,RU,50233616,24186801001,12000,2026-02-26,CT-08,MONTAGEM NOVOS NEGOCIOS,2026-02-23,1500,Não
Fev,RU,50233616,24186801001,12000,2026-02-26,CT-08,MONTAGEM NOVOS NEGOCIOS,2026-02-23,2200,Não
Fev,RU,50233616,24186801001,12000,2026-02-26,CT-08,MONTAGEM NOVOS NEGOCIOS,2026-02-25,2000,Não
Fev,RU,50233616,24186801001,12000,2026-02-26,CT-08,MONTAGEM NOVOS NEGOCIOS,2026-02-25,2100,Não
Fev,RU,50233616,24186801001,12000,2026-02-26,CT-08,MONTAGEM NOVOS NEGOCIOS,2026-02-25,2200,Não
Fev,RU,50233616,24186801001,12000,2026-02-26,CT-08,MONTAGEM NOVOS NEGOCIOS,2026-02-25,2000,Não
Fev,RU,50233616,24186801001,12000,2026-02-26,CT-23,CORTE/APLICAÇÃO AUTOMATICA,2026-02-25,3100,Não
Fev,RU,50233616,24186801001,12000,2026-02-26,CT-23,CORTE/APLICAÇÃO AUTOMATICA,2026-02-25,5200,Não
Fev,RW,50232465,24251101001,12000,2026-02-26,CT-23,CORTE/APLICAÇÃO AUTOMATICA,2026-02-24,8300,Não
Fev,RW,50232465,24251101001,12000,2026-02-26,CT-08,MONTAGEM NOVOS NEGOCIOS,2026-02-25,1700,Não
Fev,RW,50232465,24251101001,12000,2026-02-26,CT-08,MONTAGEM NOVOS NEGOCIOS,2026-02-25,500,Não
Fev,RW,50232465,24251101001,12000,2026-02-26,CT-12,MONTAGEM WEG,2026-02-25,3000,Não
Fev,RW,50232465,24251101001,12000,2026-02-26,CT-12,MONTAGEM WEG,2026-02-25,2700,Não
Fev,RW,50232465,24251101001,12000,2026-02-26,CT-12,MONTAGEM WEG,2026-02-25,1000,Não
Fev,RW,50232465,24251101001,12000,2026-02-26,CT-12,MONTAGEM WEG,2026-02-25,1000,Não
Fev,RW,50232465,24251101001,12000,2026-02-26,CT-12,MONTAGEM WEG,2026-02-25,400,Não
Fev,RW,50232465,24251101001,12000,2026-02-26,CT-12,MONTAGEM WEG,2026-02-25,1700,Não
Fev,RW,50232465,24251101001,12000,2026-02-26,CT-23,CORTE/APLICAÇÃO AUTOMATICA,2026-02-25,3700,Não
Fev,SO,50233616,24186601001,12000,2026-02-27,CT-08,MONTAGEM NOVOS NEGOCIOS,2026-02-25,1800,Não
Fev,SO,50233616,24186601001,12000,2026-02-27,CT-08,MONTAGEM NOVOS NEGOCIOS,2026-02-25,1600,Não
Fev,SO,50233616,24186601001,12000,2026-02-27,CT-08,MONTAGEM NOVOS NEGOCIOS,2026-02-25,1600,Não
Fev,SO,50233616,24186601001,12000,2026-02-27,CT-23,CORTE/APLICAÇÃO AUTOMATICA,2026-02-25,1000,Não
Fev,SO,50233616,24186601001,12000,2026-02-27,CT-23,CORTE/APLICAÇÃO AUTOMATICA,2026-02-25,11000,Não
Fev,SO,50233616,24186601001,12000,2026-02-27,CT-08,MONTAGEM NOVOS NEGOCIOS,2026-02-26,2100,Não
Fev,SO,50233616,24186601001,12000,2026-02-27,CT-08,MONTAGEM NOVOS NEGOCIOS,2026-02-26,2600,Não
Fev,SO,50233616,24186601001,12000,2026-02-27,CT-08,MONTAGEM NOVOS NEGOCIOS,2026-02-26,2100,Não
Fev,SO,50233616,24186601001,12000,2026-02-27,CT-08,MONTAGEM NOVOS NEGOCIOS,2026-02-26,100,Não
Fev,SO,50233616,24186601001,12000,2026-02-27,CT-08,MONTAGEM NOVOS NEGOCIOS,2026-02-26,100,Não
Mar,H,50233616,24322401001,12000,2026-03-02,CT-08,MONTAGEM NOVOS NEGOCIOS,2026-02-26,1400,Não
Mar,H,50233616,24322401001,12000,2026-03-02,CT-08,MONTAGEM NOVOS NEGOCIOS,2026-02-26,400,Não
Mar,H,50233616,24322401001,12000,2026-03-02,CT-23,CORTE/APLICAÇÃO AUTOMATICA,2026-02-26,1000,Não
Mar,H,50233616,24322401001,12000,2026-03-02,CT-23,CORTE/APLICAÇÃO AUTOMATICA,2026-02-26,4000,Não
Mar,H,50233616,24322401001,12000,2026-03-02,CT-23,CORTE/APLICAÇÃO AUTOMATICA,2026-02-26,7000,Não
Mar,H,50233616,24322401001,12000,2026-03-02,CT-08,MONTAGEM NOVOS NEGOCIOS,2026-02-27,1600,Não
Mar,H,50233616,24322401001,12000,2026-03-02,CT-08,MONTAGEM NOVOS NEGOCIOS,2026-02-27,1000,Não
Mar,H,50233616,24322401001,12000,2026-03-02,CT-08,MONTAGEM NOVOS NEGOCIOS,2026-02-27,2500,Não
Mar,H,50233616,24322401001,12000,2026-03-02,CT-08,MONTAGEM NOVOS NEGOCIOS,2026-02-27,1000,Não
Mar,H,50233616,24322401001,12000,2026-03-02,CT-08,MONTAGEM NOVOS NEGOCIOS,2026-02-27,900,Não
Mar,H,50233616,24322401001,12000,2026-03-02,CT-08,MONTAGEM NOVOS NEGOCIOS,2026-02-27,1100,Não
Mar,H,50233616,24322401001,12000,2026-03-02,CT-08,MONTAGEM NOVOS NEGOCIOS,2026-02-27,900,Não
Mar,H,50233616,24322401001,12000,2026-03-02,CT-08,MONTAGEM NOVOS NEGOCIOS,2026-02-27,400,Não
Mar,H,50233616,24322401001,12000,2026-03-02,CT-08,MONTAGEM NOVOS NEGOCIOS,2026-02-27,700,Não
Mar,H,50233616,24322401001,12000,2026-03-02,CT-08,MONTAGEM NOVOS NEGOCIOS,2026-03-02,100,Não
Mar,I,50233615,24187301001,12000,2026-03-02,CT-23,CORTE/APLICAÇÃO AUTOMATICA,2026-02-25,7100,Não
Mar,I,50233615,24187301001,12000,2026-03-02,CT-08,MONTAGEM NOVOS NEGOCIOS,2026-02-26,1200,Não
Mar,I,50233615,24187301001,12000,2026-03-02,CT-08,MONTAGEM NOVOS NEGOCIOS,2026-02-26,1400,Não
Mar,I,50233615,24187301001,12000,2026-03-02,CT-08,MONTAGEM NOVOS NEGOCIOS,2026-02-26,300,Não
Mar,I,50233615,24187301001,12000,2026-03-02,CT-08,MONTAGEM NOVOS NEGOCIOS,2026-02-26,1100,Não
Mar,I,50233615,24187301001,12000,2026-03-02,CT-08,MONTAGEM NOVOS NEGOCIOS,2026-02-26,600,Não
Mar,I,50233615,24187301001,12000,2026-03-02,CT-08,MONTAGEM NOVOS NEGOCIOS,2026-02-26,2500,Não
Mar,I,50233615,24187301001,12000,2026-03-02,CT-23,CORTE/APLICAÇÃO AUTOMATICA,2026-02-26,1000,Não
Mar,I,50233615,24187301001,12000,2026-03-02,CT-08,MONTAGEM NOVOS NEGOCIOS,2026-02-27,2400,Não
Mar,I,50233615,24187301001,12000,2026-03-02,CT-08,MONTAGEM NOVOS NEGOCIOS,2026-02-27,2500,Não
Mar,I,50233615,24187301001,12000,2026-03-02,CT-23,CORTE/APLICAÇÃO AUTOMATICA,2026-02-27,2000,Não
Mar,I,50233615,24187301001,12000,2026-03-02,CT-23,CORTE/APLICAÇÃO AUTOMATICA,2026-02-27,200,Não
Mar,I,50233615,24187301001,12000,2026-03-02,CT-23,CORTE/APLICAÇÃO AUTOMATICA,2026-02-27,1700,Não
Mar,T,50233615,24322201001,12000,2026-03-02,CT-08,MONTAGEM NOVOS NEGOCIOS,2026-02-27,600,Não
Mar,T,50233615,24322201001,12000,2026-03-02,CT-23,CORTE/APLICAÇÃO AUTOMATICA,2026-02-27,3500,Não
Mar,T,50233615,24322201001,12000,2026-03-02,CT-23,CORTE/APLICAÇÃO AUTOMATICA,2026-02-27,8500,Não
Mar,T,50233615,24322201001,12000,2026-03-02,CT-08,MONTAGEM NOVOS NEGOCIOS,2026-03-02,1300,Não
Mar,T,50233615,24322201001,12000,2026-03-02,CT-08,MONTAGEM NOVOS NEGOCIOS,2026-03-02,2700,Não
Mar,T,50233615,24322201001,12000,2026-03-02,CT-08,MONTAGEM NOVOS NEGOCIOS,2026-03-02,2300,Não
Mar,T,50233615,24322201001,12000,2026-03-02,CT-08,MONTAGEM NOVOS NEGOCIOS,2026-03-02,1200,Não
Mar,T,50233615,24322201001,12000,2026-03-02,CT-08,MONTAGEM NOVOS NEGOCIOS,2026-03-02,2600,Não
Mar,T,50233615,24322201001,12000,2026-03-02,CT-08,MONTAGEM NOVOS NEGOCIOS,2026-03-02,200,Não
Mar,T,50233615,24322201001,12000,2026-03-02,CT-08,MONTAGEM NOVOS NEGOCIOS,2026-03-02,1100,Não
Mar,AT,50232465,24251201001,12000,2026-03-03,CT-08,MONTAGEM NOVOS NEGOCIOS,2026-03-02,2100,Não
Mar,AT,50232465,24251201001,12000,2026-03-03,CT-08,MONTAGEM NOVOS NEGOCIOS,2026-03-02,1900,Não
Mar,AT,50232465,24251201001,12000,2026-03-03,CT-08,MONTAGEM NOVOS NEGOCIOS,2026-03-02,1700,Não
Mar,AT,50232465,24251201001,12000,2026-03-03,CT-08,MONTAGEM NOVOS NEGOCIOS,2026-03-02,900,Não
Mar,AT,50232465,24251201001,12000,2026-03-03,CT-08,MONTAGEM NOVOS NEGOCIOS,2026-03-02,100,Não
Mar,AT,50232465,24251201001,12000,2026-03-03,CT-08,MONTAGEM NOVOS NEGOCIOS,2026-03-02,100,Não
Mar,AT,50232465,24251201001,12000,2026-03-03,CT-08,MONTAGEM NOVOS NEGOCIOS,2026-03-02,100,Não
Mar,AT,50232465,24251201001,12000,2026-03-03,CT-23,CORTE/APLICAÇÃO AUTOMATICA,2026-03-02,8000,Não
Mar,AT,50232465,24251201001,12000,2026-03-03,CT-23,CORTE/APLICAÇÃO AUTOMATICA,2026-03-02,2500,Não
Mar,AT,50232465,24251201001,12000,2026-03-03,CT-23,CORTE/APLICAÇÃO AUTOMATICA,2026-03-02,1500,Não
Mar,AT,50232465,24251201001,12000,2026-03-03,CT-08,MONTAGEM NOVOS NEGOCIOS,2026-03-03,1400,Não
Mar,AT,50232465,24251201001,12000,2026-03-03,CT-08,MONTAGEM NOVOS NEGOCIOS,2026-03-03,300,Não
Mar,AT,50232465,24251201001,12000,2026-03-03,CT-08,MONTAGEM NOVOS NEGOCIOS,2026-03-03,1600,Não
Mar,AT,50232465,24251201001,12000,2026-03-03,CT-08,MONTAGEM NOVOS NEGOCIOS,2026-03-03,700,Não
Mar,AT,50232465,24251201001,12000,2026-03-03,CT-08,MONTAGEM NOVOS NEGOCIOS,2026-03-03,900,Não
Mar,AT,50232465,24251201001,12000,2026-03-03,CT-08,MONTAGEM NOVOS NEGOCIOS,2026-03-03,200,Não
Mar,BF,50232465,24251301001,12000,2026-03-04,CT-23,CORTE/APLICAÇÃO AUTOMATICA,2026-03-02,5600,Não
Mar,BF,50232465,24251301001,12000,2026-03-04,CT-23,CORTE/APLICAÇÃO AUTOMATICA,2026-03-02,300,Não
Mar,BF,50232465,24251301001,12000,2026-03-04,CT-08,MONTAGEM NOVOS NEGOCIOS,2026-03-03,500,Não
Mar,BF,50232465,24251301001,12000,2026-03-04,CT-08,MONTAGEM NOVOS NEGOCIOS,2026-03-03,500,Não
Mar,BF,50232465,24251301001,12000,2026-03-04,CT-08,MONTAGEM NOVOS NEGOCIOS,2026-03-03,200,Não
Mar,BF,50232465,24251301001,12000,2026-03-04,CT-08,MONTAGEM NOVOS NEGOCIOS,2026-03-03,2200,Não
Mar,BF,50232465,24251301001,12000,2026-03-04,CT-08,MONTAGEM NOVOS NEGOCIOS,2026-03-03,1800,Não
Mar,BF,50232465,24251301001,12000,2026-03-04,CT-08,MONTAGEM NOVOS NEGOCIOS,2026-03-03,1500,Não
Mar,BF,50232465,24251301001,12000,2026-03-04,CT-08,MONTAGEM NOVOS NEGOCIOS,2026-03-03,1800,Não
Mar,BF,50232465,24251301001,12000,2026-03-04,CT-08,MONTAGEM NOVOS NEGOCIOS,2026-03-03,1300,Não
Mar,BF,50232465,24251301001,12000,2026-03-04,CT-08,MONTAGEM NOVOS NEGOCIOS,2026-03-03,2000,Não
Mar,BF,50232465,24251301001,12000,2026-03-04,CT-23,CORTE/APLICAÇÃO AUTOMATICA,2026-03-03,6100,Não
Mar,BF,50232465,24251301001,12000,2026-03-04,CT-61,MONTAGEM DE CHICOTES DIVERSOS,2026-03-03,200,Não
Mar,BG,50232465,24365501001,200,2026-03-04,CT-08,MONTAGEM NOVOS NEGOCIOS,2026-03-04,200,Não
Mar,BG,50232465,24365501001,200,2026-03-04,CT-23,CORTE/APLICAÇÃO AUTOMATICA,2026-03-04,200,Não
Mar,BL,50233616,24187201001,12000,2026-03-05,CT-23,CORTE/APLICAÇÃO AUTOMATICA,2026-03-03,3700,Não
Mar,BL,50233616,24187201001,12000,2026-03-05,CT-08,MONTAGEM NOVOS NEGOCIOS,2026-03-04,1100,Não
Mar,BL,50233616,24187201001,12000,2026-03-05,CT-08,MONTAGEM NOVOS NEGOCIOS,2026-03-04,1500,Não
Mar,BL,50233616,24187201001,12000,2026-03-05,CT-08,MONTAGEM NOVOS NEGOCIOS,2026-03-04,600,Não
Mar,BL,50233616,24187201001,12000,2026-03-05,CT-08,MONTAGEM NOVOS NEGOCIOS,2026-03-04,100,Não
Mar,BL,50233616,24187201001,12000,2026-03-05,CT-08,MONTAGEM NOVOS NEGOCIOS,2026-03-04,1,Não
Mar,BL,50233616,24187201001,12000,2026-03-05,CT-08,MONTAGEM NOVOS NEGOCIOS,2026-03-04,1200,Não
Mar,BL,50233616,24187201001,12000,2026-03-05,CT-08,MONTAGEM NOVOS NEGOCIOS,2026-03-04,500,Não
Mar,BL,50233616,24187201001,12000,2026-03-05,CT-08,MONTAGEM NOVOS NEGOCIOS,2026-03-04,1300,Não
Mar,BL,50233616,24187201001,12000,2026-03-05,CT-08,MONTAGEM NOVOS NEGOCIOS,2026-03-04,400,Não
Mar,BL,50233616,24187201001,12000,2026-03-05,CT-08,MONTAGEM NOVOS NEGOCIOS,2026-03-04,800,Não
Mar,BL,50233616,24187201001,12000,2026-03-05,CT-08,MONTAGEM NOVOS NEGOCIOS,2026-03-04,500,Não
Mar,BL,50233616,24187201001,12000,2026-03-05,CT-08,MONTAGEM NOVOS NEGOCIOS,2026-03-04,400,Não
Mar,BL,50233616,24187201001,12000,2026-03-05,CT-23,CORTE/APLICAÇÃO AUTOMATICA,2026-03-04,5000,Não
Mar,BL,50233616,24187201001,12000,2026-03-05,CT-23,CORTE/APLICAÇÃO AUTOMATICA,2026-03-04,800,Não
Mar,BL,50233616,24187201001,12000,2026-03-05,CT-23,CORTE/APLICAÇÃO AUTOMATICA,2026-03-04,2500,Não
Mar,BL,50233616,24187201001,12000,2026-03-05,CT-61,MONTAGEM DE CHICOTES DIVERSOS,2026-03-04,1100,Não
Mar,BL,50233616,24187201001,12000,2026-03-05,CT-61,MONTAGEM DE CHICOTES DIVERSOS,2026-03-04,799,Não
Mar,BL,50233616,24187201001,12000,2026-03-05,CT-61,MONTAGEM DE CHICOTES DIVERSOS,2026-03-04,1700,Não
Mar,BT,50232465,24251401001,12000,2026-03-05,CT-08,MONTAGEM NOVOS NEGOCIOS,2026-03-03,2600,Não
Mar,BT,50232465,24251401001,12000,2026-03-05,CT-08,MONTAGEM NOVOS NEGOCIOS,2026-03-03,2300,Não
Mar,BT,50232465,24251401001,12000,2026-03-05,CT-08,MONTAGEM NOVOS NEGOCIOS,2026-03-03,500,Não
Mar,BT,50232465,24251401001,12000,2026-03-05,CT-08,MONTAGEM NOVOS NEGOCIOS,2026-03-03,1400,Não
Mar,BT,50232465,24251401001,12000,2026-03-05,CT-08,MONTAGEM NOVOS NEGOCIOS,2026-03-03,1200,Não
Mar,BT,50232465,24251401001,12000,2026-03-05,CT-23,CORTE/APLICAÇÃO AUTOMATICA,2026-03-03,2000,Não
Mar,BT,50232465,24251401001,12000,2026-03-05,CT-23,CORTE/APLICAÇÃO AUTOMATICA,2026-03-03,1100,Não
Mar,BT,50232465,24251401001,12000,2026-03-05,CT-23,CORTE/APLICAÇÃO AUTOMATICA,2026-03-03,8900,Não
Mar,BT,50232465,24251401001,12000,2026-03-05,CT-61,MONTAGEM DE CHICOTES DIVERSOS,2026-03-03,100,Não
Mar,BT,50232465,24251401001,12000,2026-03-05,CT-61,MONTAGEM DE CHICOTES DIVERSOS,2026-03-03,1400,Não
Mar,BT,50232465,24251401001,12000,2026-03-05,CT-61,MONTAGEM DE CHICOTES DIVERSOS,2026-03-03,1400,Não
Mar,BT,50232465,24251401001,12000,2026-03-05,CT-61,MONTAGEM DE CHICOTES DIVERSOS,2026-03-03,1100,Não
Mar,DK,50232465,24365201001,12000,2026-03-06,CT-23,CORTE/APLICAÇÃO AUTOMATICA,2026-03-04,4600,Não
Mar,DK,50232465,24365201001,12000,2026-03-06,CT-08,MONTAGEM NOVOS NEGOCIOS,2026-03-05,900,Não
Mar,DK,50232465,24365201001,12000,2026-03-06,CT-08,MONTAGEM NOVOS NEGOCIOS,2026-03-05,1500,Não
Mar,DK,50232465,24365201001,12000,2026-03-06,CT-08,MONTAGEM NOVOS NEGOCIOS,2026-03-05,2200,Não
Mar,DK,50232465,24365201001,12000,2026-03-06,CT-08,MONTAGEM NOVOS NEGOCIOS,2026-03-09,2000,Não
Mar,DK,50232465,24365201001,12000,2026-03-06,CT-08,MONTAGEM NOVOS NEGOCIOS,2026-03-09,1100,Não
Mar,DK,50232465,24365201001,12000,2026-03-06,CT-08,MONTAGEM NOVOS NEGOCIOS,2026-03-09,1500,Não
Mar,DK,50232465,24365201001,12000,2026-03-06,CT-08,MONTAGEM NOVOS NEGOCIOS,2026-03-09,1700,Não
Mar,DK,50232465,24365201001,12000,2026-03-06,CT-08,MONTAGEM NOVOS NEGOCIOS,2026-03-09,1000,Não
Mar,DK,50232465,24365201001,12000,2026-03-06,CT-08,MONTAGEM NOVOS NEGOCIOS,2026-03-09,100,Não
Mar,DK,50232465,24365201001,12000,2026-03-06,CT-23,CORTE/APLICAÇÃO AUTOMATICA,2026-03-09,3800,Não
Mar,DK,50232465,24365201001,12000,2026-03-06,CT-23,CORTE/APLICAÇÃO AUTOMATICA,2026-03-09,3600,Não
Mar,DR,50233616,24323001001,12000,2026-03-09,CT-08,MONTAGEM NOVOS NEGOCIOS,2026-03-04,1800,Não
Mar,DR,50233616,24323001001,12000,2026-03-09,CT-08,MONTAGEM NOVOS NEGOCIOS,2026-03-04,1200,Não
Mar,DR,50233616,24323001001,12000,2026-03-09,CT-08,MONTAGEM NOVOS NEGOCIOS,2026-03-04,1300,Não
Mar,DR,50233616,24323001001,12000,2026-03-09,CT-08,MONTAGEM NOVOS NEGOCIOS,2026-03-04,400,Não
Mar,DR,50233616,24323001001,12000,2026-03-09,CT-23,CORTE/APLICAÇÃO AUTOMATICA,2026-03-04,6000,Não
Mar,DR,50233616,24323001001,12000,2026-03-09,CT-08,MONTAGEM NOVOS NEGOCIOS,2026-03-05,2000,Não
Mar,DR,50233616,24323001001,12000,2026-03-09,CT-08,MONTAGEM NOVOS NEGOCIOS,2026-03-05,1300,Não
Mar,DR,50233616,24323001001,12000,2026-03-09,CT-23,CORTE/APLICAÇÃO AUTOMATICA,2026-03-05,2000,Não
Mar,DR,50233616,24323001001,12000,2026-03-09,CT-08,MONTAGEM NOVOS NEGOCIOS,2026-03-06,1200,Não
Mar,DR,50233616,24323001001,12000,2026-03-09,CT-08,MONTAGEM NOVOS NEGOCIOS,2026-03-06,1300,Não
Mar,DR,50233616,24323001001,12000,2026-03-09,CT-08,MONTAGEM NOVOS NEGOCIOS,2026-03-06,1400,Não
Mar,DR,50233616,24323001001,12000,2026-03-09,CT-08,MONTAGEM NOVOS NEGOCIOS,2026-03-06,100,Não
Mar,DR,50233616,24323001001,12000,2026-03-09,CT-23,CORTE/APLICAÇÃO AUTOMATICA,2026-03-06,4000,Não
Mar,DT,50232465,24323701001,12000,2026-03-09,CT-08,MONTAGEM NOVOS NEGOCIOS,2026-03-06,200,Não
Mar,DT,50232465,24323701001,12000,2026-03-09,CT-08,MONTAGEM NOVOS NEGOCIOS,2026-03-06,2600,Não
Mar,DT,50232465,24323701001,12000,2026-03-09,CT-08,MONTAGEM NOVOS NEGOCIOS,2026-03-06,2000,Não
Mar,DT,50232465,24323701001,12000,2026-03-09,CT-08,MONTAGEM NOVOS NEGOCIOS,2026-03-06,2000,Não
Mar,DT,50232465,24323701001,12000,2026-03-09,CT-08,MONTAGEM NOVOS NEGOCIOS,2026-03-06,300,Não
Mar,DT,50232465,24323701001,12000,2026-03-09,CT-08,MONTAGEM NOVOS NEGOCIOS,2026-03-06,1700,Não
Mar,DT,50232465,24323701001,12000,2026-03-09,CT-08,MONTAGEM NOVOS NEGOCIOS,2026-03-06,1500,Não
Mar,DT,50232465,24323701001,12000,2026-03-09,CT-08,MONTAGEM NOVOS NEGOCIOS,2026-03-06,1500,Não
Mar,DT,50232465,24323701001,12000,2026-03-09,CT-08,MONTAGEM NOVOS NEGOCIOS,2026-03-06,100,Não
Mar,DT,50232465,24323701001,12000,2026-03-09,CT-08,MONTAGEM NOVOS NEGOCIOS,2026-03-06,100,Não
Mar,DT,50232465,24323701001,12000,2026-03-09,CT-23,CORTE/APLICAÇÃO AUTOMATICA,2026-03-06,3400,Não
Mar,DT,50232465,24323701001,12000,2026-03-09,CT-23,CORTE/APLICAÇÃO AUTOMATICA,2026-03-06,8600,Não
Mar,EM,50233615,24322301001,12000,2026-03-10,CT-23,CORTE/APLICAÇÃO AUTOMATICA,2026-02-27,5000,Não
Mar,EM,50233615,24322301001,12000,2026-03-10,CT-08,MONTAGEM NOVOS NEGOCIOS,2026-03-02,1300,Não
Mar,EM,50233615,24322301001,12000,2026-03-10,CT-08,MONTAGEM NOVOS NEGOCIOS,2026-03-02,400,Não
Mar,EM,50233615,24322301001,12000,2026-03-10,CT-08,MONTAGEM NOVOS NEGOCIOS,2026-03-02,1600,Não
Mar,EM,50233615,24322301001,12000,2026-03-10,CT-08,MONTAGEM NOVOS NEGOCIOS,2026-03-02,1700,Não
Mar,EM,50233615,24322301001,12000,2026-03-10,CT-08,MONTAGEM NOVOS NEGOCIOS,2026-03-09,2300,Não
Mar,EM,50233615,24322301001,12000,2026-03-10,CT-08,MONTAGEM NOVOS NEGOCIOS,2026-03-09,2600,Não
Mar,EM,50233615,24322301001,12000,2026-03-10,CT-08,MONTAGEM NOVOS NEGOCIOS,2026-03-09,2100,Não
Mar,EM,50233615,24322301001,12000,2026-03-10,CT-23,CORTE/APLICAÇÃO AUTOMATICA,2026-03-09,1300,Não
Mar,EM,50233615,24322301001,12000,2026-03-10,CT-23,CORTE/APLICAÇÃO AUTOMATICA,2026-03-09,3500,Não
Mar,EM,50233615,24322301001,12000,2026-03-10,CT-23,CORTE/APLICAÇÃO AUTOMATICA,2026-03-09,2200,Não
Mar,EN,50233616,24322501001,12000,2026-03-10,CT-08,MONTAGEM NOVOS NEGOCIOS,2026-03-06,700,Não
Mar,EN,50233616,24322501001,12000,2026-03-10,CT-08,MONTAGEM NOVOS NEGOCIOS,2026-03-06,500,Não
Mar,EN,50233616,24322501001,12000,2026-03-10,CT-08,MONTAGEM NOVOS NEGOCIOS,2026-03-06,100,Não
Mar,EN,50233616,24322501001,12000,2026-03-10,CT-23,CORTE/APLICAÇÃO AUTOMATICA,2026-03-06,8000,Não
Mar,EN,50233616,24322501001,12000,2026-03-10,CT-23,CORTE/APLICAÇÃO AUTOMATICA,2026-03-06,2300,Não
Mar,EN,50233616,24322501001,12000,2026-03-10,CT-08,MONTAGEM NOVOS NEGOCIOS,2026-03-09,500,Não
Mar,EN,50233616,24322501001,12000,2026-03-10,CT-08,MONTAGEM NOVOS NEGOCIOS,2026-03-09,200,Não
Mar,EN,50233616,24322501001,12000,2026-03-10,CT-08,MONTAGEM NOVOS NEGOCIOS,2026-03-09,800,Não
Mar,EN,50233616,24322501001,12000,2026-03-10,CT-08,MONTAGEM NOVOS NEGOCIOS,2026-03-09,400,Não
Mar,EN,50233616,24322501001,12000,2026-03-10,CT-08,MONTAGEM NOVOS NEGOCIOS,2026-03-09,200,Não
Mar,EN,50233616,24322501001,12000,2026-03-10,CT-08,MONTAGEM NOVOS NEGOCIOS,2026-03-09,2600,Não
Mar,EN,50233616,24322501001,12000,2026-03-10,CT-08,MONTAGEM NOVOS NEGOCIOS,2026-03-09,1900,Não
Mar,EN,50233616,24322501001,12000,2026-03-10,CT-08,MONTAGEM NOVOS NEGOCIOS,2026-03-09,1800,Não
Mar,EN,50233616,24322501001,12000,2026-03-10,CT-08,MONTAGEM NOVOS NEGOCIOS,2026-03-09,2300,Não
Mar,EN,50233616,24322501001,12000,2026-03-10,CT-23,CORTE/APLICAÇÃO AUTOMATICA,2026-03-09,1700,Não
Mar,FK,50232465,24369601001,12000,2026-03-11,CT-08,MONTAGEM NOVOS NEGOCIOS,2026-03-09,100,Não
Mar,FK,50232465,24369601001,12000,2026-03-11,CT-23,CORTE/APLICAÇÃO AUTOMATICA,2026-03-09,4500,Não
Mar,FK,50232465,24369601001,12000,2026-03-11,CT-08,MONTAGEM NOVOS NEGOCIOS,2026-03-10,3200,Não
Mar,FK,50232465,24369601001,12000,2026-03-11,CT-08,MONTAGEM NOVOS NEGOCIOS,2026-03-10,200,Não
Mar,FK,50232465,24369601001,12000,2026-03-11,CT-08,MONTAGEM NOVOS NEGOCIOS,2026-03-10,600,Não
Mar,FK,50232465,24369601001,12000,2026-03-11,CT-08,MONTAGEM NOVOS NEGOCIOS,2026-03-10,400,Não
Mar,FW,50233615,24322601001,12000,2026-03-11,CT-08,MONTAGEM NOVOS NEGOCIOS,2026-03-10,2800,Não
Mar,FW,50233615,24322601001,12000,2026-03-11,CT-08,MONTAGEM NOVOS NEGOCIOS,2026-03-10,2200,Não
Mar,FW,50233615,24322601001,12000,2026-03-11,CT-08,MONTAGEM NOVOS NEGOCIOS,2026-03-10,1500,Não
Mar,FW,50233615,24322601001,12000,2026-03-11,CT-23,CORTE/APLICAÇÃO AUTOMATICA,2026-03-10,1700,Não
Mar,FW,50233615,24322601001,12000,2026-03-11,CT-23,CORTE/APLICAÇÃO AUTOMATICA,2026-03-10,7400,Não
Mar,FW,50233615,24322601001,12000,2026-03-11,CT-08,MONTAGEM NOVOS NEGOCIOS,2026-03-11,2300,Não
Mar,FW,50233615,24322601001,12000,2026-03-11,CT-08,MONTAGEM NOVOS NEGOCIOS,2026-03-11,700,Não
Mar,FW,50233615,24322601001,12000,2026-03-11,CT-08,MONTAGEM NOVOS NEGOCIOS,2026-03-11,1100,Não
Mar,FW,50233615,24322601001,12000,2026-03-11,CT-08,MONTAGEM NOVOS NEGOCIOS,2026-03-11,1200,Não
Mar,FW,50233615,24322601001,12000,2026-03-11,CT-08,MONTAGEM NOVOS NEGOCIOS,2026-03-11,100,Não
Mar,FW,50233615,24322601001,12000,2026-03-11,CT-08,MONTAGEM NOVOS NEGOCIOS,2026-03-11,100,Não
Mar,FW,50233615,24322601001,12000,2026-03-11,CT-23,CORTE/APLICAÇÃO AUTOMATICA,2026-03-11,2900,Não
Mar,GA,50233616,24323101001,12000,2026-03-12,CT-08,MONTAGEM NOVOS NEGOCIOS,2026-03-11,200,Não
Mar,GA,50233616,24323101001,12000,2026-03-12,CT-08,MONTAGEM NOVOS NEGOCIOS,2026-03-11,2700,Não
Mar,GA,50233616,24323101001,12000,2026-03-12,CT-08,MONTAGEM NOVOS NEGOCIOS,2026-03-11,1100,Não
Mar,GA,50233616,24323101001,12000,2026-03-12,CT-08,MONTAGEM NOVOS NEGOCIOS,2026-03-11,2400,Não
Mar,GA,50233616,24323101001,12000,2026-03-12,CT-08,MONTAGEM NOVOS NEGOCIOS,2026-03-11,1100,Não
Mar,GA,50233616,24323101001,12000,2026-03-12,CT-08,MONTAGEM NOVOS NEGOCIOS,2026-03-11,1200,Não
Mar,GA,50233616,24323101001,12000,2026-03-12,CT-08,MONTAGEM NOVOS NEGOCIOS,2026-03-11,1600,Não
Mar,GA,50233616,24323101001,12000,2026-03-12,CT-08,MONTAGEM NOVOS NEGOCIOS,2026-03-11,1700,Não
Mar,GA,50233616,24323101001,12000,2026-03-12,CT-23,CORTE/APLICAÇÃO AUTOMATICA,2026-03-11,5300,Não
Mar,GA,50233616,24323101001,12000,2026-03-12,CT-23,CORTE/APLICAÇÃO AUTOMATICA,2026-03-11,6700,Não
Mar,GR,900263602,24359101001,10,2026-03-12,CT-19,CENTRAL DE IMPRESSAO,2026-03-09,10,Não
Mar,GR,900263602,24359101001,10,2026-03-12,CT-12,MONTAGEM WEG,2026-03-12,10,Não
Mar,GS,50233615,24378101001,12000,2026-03-13,CT-08,MONTAGEM NOVOS NEGOCIOS,2026-03-12,1700,Não
Mar,GS,50233615,24378101001,12000,2026-03-13,CT-08,MONTAGEM NOVOS NEGOCIOS,2026-03-12,1400,Não
Mar,GS,50233615,24378101001,12000,2026-03-13,CT-08,MONTAGEM NOVOS NEGOCIOS,2026-03-12,2200,Não
Mar,GS,50233615,24378101001,12000,2026-03-13,CT-08,MONTAGEM NOVOS NEGOCIOS,2026-03-12,1800,Não
Mar,GS,50233615,24378101001,12000,2026-03-13,CT-08,MONTAGEM NOVOS NEGOCIOS,2026-03-12,1300,Não
Mar,GS,50233615,24378101001,12000,2026-03-13,CT-23,CORTE/APLICAÇÃO AUTOMATICA,2026-03-12,1800,Não
Mar,GS,50233615,24378101001,12000,2026-03-13,CT-23,CORTE/APLICAÇÃO AUTOMATICA,2026-03-12,6000,Não
Mar,GS,50233615,24378101001,12000,2026-03-13,CT-23,CORTE/APLICAÇÃO AUTOMATICA,2026-03-12,3300,Não
Mar,GS,50233615,24378101001,12000,2026-03-13,CT-23,CORTE/APLICAÇÃO AUTOMATICA,2026-03-12,900,Não
Mar,GS,50233615,24378101001,12000,2026-03-13,CT-63,MONTAR CABOS ESPECIAIS,2026-03-12,200,Não
Mar,GS,50233615,24378101001,12000,2026-03-13,CT-63,MONTAR CABOS ESPECIAIS,2026-03-12,1300,Não
Mar,GS,50233615,24378101001,12000,2026-03-13,CT-63,MONTAR CABOS ESPECIAIS,2026-03-12,400,Não
Mar,GS,50233615,24378101001,12000,2026-03-13,CT-63,MONTAR CABOS ESPECIAIS,2026-03-12,1200,Não
Mar,GS,50233615,24378101001,12000,2026-03-13,CT-63,MONTAR CABOS ESPECIAIS,2026-03-12,500,Não
Mar,HP,50232465,24323601001,12000,2026-03-16,CT-08,MONTAGEM NOVOS NEGOCIOS,2026-03-12,1500,Não
Mar,HP,50232465,24323601001,12000,2026-03-16,CT-08,MONTAGEM NOVOS NEGOCIOS,2026-03-12,2400,Não
Mar,HP,50232465,24323601001,12000,2026-03-16,CT-08,MONTAGEM NOVOS NEGOCIOS,2026-03-12,100,Não
Mar,HP,50232465,24323601001,12000,2026-03-16,CT-23,CORTE/APLICAÇÃO AUTOMATICA,2026-03-12,8000,Não
Mar,HP,50232465,24323601001,12000,2026-03-16,CT-23,CORTE/APLICAÇÃO AUTOMATICA,2026-03-12,500,Não
Mar,HP,50232465,24323601001,12000,2026-03-16,CT-72,CRIMP AGRICOLA/AUTO CT-72,2026-03-12,100,Não
Mar,HP,50232465,24323601001,12000,2026-03-16,CT-08,MONTAGEM NOVOS NEGOCIOS,2026-03-13,2000,Não
Mar,HP,50232465,24323601001,12000,2026-03-16,CT-08,MONTAGEM NOVOS NEGOCIOS,2026-03-13,1200,Não
Mar,HP,50232465,24323601001,12000,2026-03-16,CT-08,MONTAGEM NOVOS NEGOCIOS,2026-03-13,100,Não
Mar,HP,50232465,24323601001,12000,2026-03-16,CT-08,MONTAGEM NOVOS NEGOCIOS,2026-03-13,2100,Não
Mar,HP,50232465,24323601001,12000,2026-03-16,CT-62,MONTAGEM DE CHICOTES DIVERSOS,2026-03-13,500,Não
Mar,HP,50232465,24323601001,12000,2026-03-16,CT-62,MONTAGEM DE CHICOTES DIVERSOS,2026-03-13,2100,Não
Mar,HP,50232465,24323601001,12000,2026-03-16,CT-72,CRIMP AGRICOLA/AUTO CT-72,2026-03-13,3400,Não
Mar,IP,50233615,24322701001,12000,2026-03-18,CT-08,MONTAGEM NOVOS NEGOCIOS,2026-03-17,2600,Não
Mar,IP,50233615,24322701001,12000,2026-03-18,CT-08,MONTAGEM NOVOS NEGOCIOS,2026-03-17,2400,Não
Mar,IP,50233615,24322701001,12000,2026-03-18,CT-08,MONTAGEM NOVOS NEGOCIOS,2026-03-17,2700,Não
Mar,IP,50233615,24322701001,12000,2026-03-18,CT-08,MONTAGEM NOVOS NEGOCIOS,2026-03-17,300,Não
Mar,IP,50233615,24322701001,12000,2026-03-18,CT-08,MONTAGEM NOVOS NEGOCIOS,2026-03-17,600,Não
Mar,IP,50233615,24322701001,12000,2026-03-18,CT-08,MONTAGEM NOVOS NEGOCIOS,2026-03-17,900,Não
Mar,IP,50233615,24322701001,12000,2026-03-18,CT-23,CORTE/APLICAÇÃO AUTOMATICA,2026-03-17,3500,Não
Mar,IP,50233615,24322701001,12000,2026-03-18,CT-23,CORTE/APLICAÇÃO AUTOMATICA,2026-03-17,2000,Não
Mar,IP,50233615,24322701001,12000,2026-03-18,CT-23,CORTE/APLICAÇÃO AUTOMATICA,2026-03-17,6500,Não
Mar,IP,50233615,24322701001,12000,2026-03-18,CT-62,MONTAGEM DE CHICOTES DIVERSOS,2026-03-17,1000,Não
Mar,IP,50233615,24322701001,12000,2026-03-18,CT-62,MONTAGEM DE CHICOTES DIVERSOS,2026-03-17,1500,Não
Mar,IQ,50233616,24373901001,12000,2026-03-18,CT-08,MONTAGEM NOVOS NEGOCIOS,2026-03-12,1000,Não
Mar,IQ,50233616,24373901001,12000,2026-03-18,CT-08,MONTAGEM NOVOS NEGOCIOS,2026-03-12,1500,Não
Mar,IQ,50233616,24373901001,12000,2026-03-18,CT-08,MONTAGEM NOVOS NEGOCIOS,2026-03-12,1500,Não
Mar,IQ,50233616,24373901001,12000,2026-03-18,CT-08,MONTAGEM NOVOS NEGOCIOS,2026-03-12,500,Não
Mar,IQ,50233616,24373901001,12000,2026-03-18,CT-23,CORTE/APLICAÇÃO AUTOMATICA,2026-03-12,4500,Não
Mar,KD,50233616,24324001001,5900,2026-03-20,CT-08,MONTAGEM NOVOS NEGOCIOS,2026-03-19,1300,Não
Mar,KD,50233616,24324001001,5900,2026-03-20,CT-23,CORTE/APLICAÇÃO AUTOMATICA,2026-03-19,700,Não
Mar,KD,50233616,24324001001,5900,2026-03-20,CT-23,CORTE/APLICAÇÃO AUTOMATICA,2026-03-19,400,Não
Mar,KD,50233616,24324001001,5900,2026-03-20,CT-23,CORTE/APLICAÇÃO AUTOMATICA,2026-03-19,200,Não
Mar,KE,50233615,24322801001,5800,2026-03-20,CT-08,MONTAGEM NOVOS NEGOCIOS,2026-03-20,200,Não
Mar,KE,50233615,24322801001,5800,2026-03-20,CT-23,CORTE/APLICAÇÃO AUTOMATICA,2026-03-20,200,Não
Mar,KF,50232465,24370001001,10500,2026-03-20,CT-23,CORTE/APLICAÇÃO AUTOMATICA,2026-03-16,1400,Não
Mar,KF,50232465,24370001001,10500,2026-03-20,CT-23,CORTE/APLICAÇÃO AUTOMATICA,2026-03-16,1600,Não
Mar,KF,50232465,24370001001,10500,2026-03-20,CT-23,CORTE/APLICAÇÃO AUTOMATICA,2026-03-17,100,Não
Mar,KF,50232465,24370001001,10500,2026-03-20,CT-08,MONTAGEM NOVOS NEGOCIOS,2026-03-20,500,Não
Mar,KF,50232465,24370001001,10500,2026-03-20,CT-08,MONTAGEM NOVOS NEGOCIOS,2026-03-20,600,Não
Mar,KF,50232465,24370001001,10500,2026-03-20,CT-08,MONTAGEM NOVOS NEGOCIOS,2026-03-20,900,Não
Mar,KF,50232465,24370001001,10500,2026-03-20,CT-08,MONTAGEM NOVOS NEGOCIOS,2026-03-20,500,Não
Abr,GU,90261401,24443401001,2,2026-04-16,CT-12,MONTAGEM WEG,2026-04-16,1,Não
Abr,NC,90151384,24402501001,240,2026-04-27,CT-70,INSPEÇÃO FINAL,2026-04-23,260,Não
Abr,NC,90151384,24402501001,240,2026-04-27,CT-70,INSPEÇÃO FINAL,2026-04-27,240,Não
Mai,AS,90252552,24429801001,100,2026-05-04,CT-33A,MAQUINA DE CORTE WL603,2026-04-14,35,Não
Mai,AS,90252552,24429801001,100,2026-05-04,CT-33A,MAQUINA DE CORTE WL603,2026-04-14,47,Não
Mai,AS,90252552,24429801001,100,2026-05-04,CT-33A,MAQUINA DE CORTE WL603,2026-04-14,18,Não
Mai,AS,90252552,24429801001,100,2026-05-04,CT-33A,MAQUINA DE CORTE WL603,2026-04-15,5,Não
Mai,AS,90252552,24429801001,100,2026-05-04,CT-33A,MAQUINA DE CORTE WL603,2026-04-15,95,Não
Mai,AS,90252552,24429801001,100,2026-05-04,CT-63,MONTAR CABOS ESPECIAIS,2026-04-23,100,Não
Mai,AS,90252552,24429801001,100,2026-05-04,CT-63,MONTAR CABOS ESPECIAIS,2026-05-04,100,Não
Mai,DY,80016254,24500101001,10,2026-05-08,CT-29,CORTE E DECAPE EXTERNO,2026-05-08,10,Não
Mai,DY,80016254,24500101001,10,2026-05-08,CT-53,MONTAGEM DE CHICOTES,2026-05-08,10,Não
Mai,EI,90261401,24505001001,1,2026-05-11,CT-12,MONTAGEM WEG,2026-05-11,1,Não
Mai,EI,90261401,24505001001,1,2026-05-11,CT-12,MONTAGEM WEG,2026-05-11,1,Não
Mai,EI,90261401,24505001001,1,2026-05-11,CT-12,MONTAGEM WEG,2026-05-11,1,Não
Mai,EI,90261401,24505001001,1,2026-05-11,CT-12,MONTAGEM WEG,2026-05-11,1,Não
Mai,EI,90261401,24505001001,1,2026-05-11,CT-12,MONTAGEM WEG,2026-05-11,1,Não
Mai,EI,90261401,24505001001,1,2026-05-11,CT-12,MONTAGEM WEG,2026-05-11,1,Não
Mai,GW,90262141,24507401001,20,2026-05-13,CT-12,MONTAGEM WEG,2026-05-13,20,Não
Mai,GW,90262141,24507401001,20,2026-05-13,CT-12,MONTAGEM WEG,2026-05-13,20,Não
Mai,GW,90262141,24507401001,20,2026-05-13,CT-12,MONTAGEM WEG,2026-05-13,10,Não
Mai,GW,90262141,24507401001,20,2026-05-13,CT-12,MONTAGEM WEG,2026-05-13,10,Não
Mai,GW,90262141,24507401001,20,2026-05-13,CT-19,CENTRAL DE IMPRESSAO,2026-05-13,20,Não
Mai,NO,9023826,24503201001,200,2026-05-25,CT-72,CRIMP AGRICOLA/AUTO CT-72,2026-05-22,200,Não
